ID,Facility Name,Licence_status,Years of orperation,Category of YOP,Major type of the hospital,All types of services,Number of new born beds,Number of new born beds,Number of total beds,Number of total beds,Numbe of baby bed,Number of births given from here,Total number of days taking care of the baby,Per_stay of each baby,Psych patients below 17,Palliative care program,AnesThesiologist availbility,Operating Room availabillity,Physican,Psychiatric availability,May not important,,,,EMS admission total,EMS admission total,Surgical inpatient,Surgical inpatient,Abulatory Surgical Service,# of alive new babies,# of alive new babies,bb weight<2500,bb weight<1500,Equipment_Greater_500k
OSHPD_ID,FAC_NAME,LIC_STATUS,MGT_COMPANY,C_YOP,TYPE_LIC,TYPE_SVC_PRINCIPAL,NICU_BED_LIC,NICU_BED_LIC,HOSP_BED_LIC_TOTL,HOSP_BED_LIC_TOTL,NEWBORN_NURSRY_BASSINETS,NEWBORN_NURSRY_INFANTS,NEWBORN_NURSRY_CENS_DAY,PER_STAY_PER_BABY,PSY_CENS_PATIENT_<=17,INPATIENT_PALLIATIVE_CARE_PROG_OFFERED,ANESTHESIOLOGIST,OP_AVAILABILITY,PHYSICIAN_A,PSY_A,EMS_VISITS_URGENT_ADMITTED,EMS_VISITS_MODERATE_ADMITTED,EMS_VISITS_SEVERE_ADMITTED,EMS_VISITS_CRITICAL_ADMITTED,EMS_ADM_VIS_TOTL,EMS_ADM_VIS_TOTL,SURG_IP,SURG_IP,AMB_SURG_PROG,BIRTHS_LIVE_TOTL,BIRTHS_LIVE_TOTL,BIRTHS_LIVE_<5LBS_8OZ,BIRTHS_LIVE_<3LBS_5OZ,EQUIP_ACQ_OVER_500K
106010735,ALAMEDA HOSPITAL,1,70.57,4,1,1,0,1,281,1,0,0,0,0.00,0,0,1,1,1,0,1,22,712,1027,1762,1,544,1,0,0,1,0,0,0
106010739,ALTA BATES SUMMIT MED CTR-ALTA BATES CAMPUS,1,70.56,4,1,1,55,3,347,1,80,5693,13260,2.33,0,1,1,1,1,1,284,1955,2380,1123,5750,2,2574,1,1,6513,4,552,129,0
106010776,CHILDRENS HOSPITAL AND RESEARCH CTR AT OAKLAND,1,70.57,4,1,5,44,3,190,1,0,0,0,0.00,0,0,1,1,1,1,63,395,1204,5854,7523,2,3433,1,1,0,1,0,0,1
106010782,THUNDER ROAD CHEMICAL DEPENDENCY RECOVERY HOSPITAL,1,55.59,3,4,4,0,1,50,1,0,0,0,0.00,0,0,0,0,0,0,0,0,0,0,0,1,0,1,0,0,1,0,0,0
106010811,FAIRMONT HOSPITAL,1,63.07,4,1,2,0,1,159,1,0,0,0,0.00,0,0,0,0,0,0,0,0,0,0,0,1,0,1,0,0,1,0,0,0
106010844,ALTA BATES SUMMIT MED CTR-HERRICK CAMPUS,1,70.57,4,1,3,0,1,111,1,0,0,0,0.00,4,0,0,0,0,0,0,0,0,0,0,1,0,1,0,0,1,0,0,0
106010846,HIGHLAND HOSPITAL,1,63.07,4,1,1,8,1,286,1,20,1135,1902,1.68,0,1,1,1,1,1,48,59,354,8989,9489,2,2888,1,1,1122,1,66,2,0
106010856,KAISER FND HOSP - OAKLAND CAMPUS,0,70.57,4,1,0,18,1,391,1,0,0,0,0.00,0,0,0,0,0,0,0,0,0,0,0,1,0,1,0,0,1,0,0,0
106010858,KAISER FND HOSP - HAYWARD/FREMONT,0,49.64,3,1,1,16,1,319,1,20,1005,1847,1.84,0,1,1,1,1,1,1,25,384,1335,1746,1,832,1,0,1092,1,113,24,0
106010887,KINDRED HOSPITAL - SAN FRANCISCO BAY AREA,1,53.69,3,1,1,0,1,99,1,0,0,0,0.00,0,0,0,0,0,0,0,0,0,0,0,1,204,1,0,0,1,0,0,0
106010937,ALTA BATES SUMMIT MED CTR-SUMMIT CAMPUS-HAWTHORNE,1,70.57,4,1,1,0,1,403,2,0,0,0,0.00,0,1,1,1,1,1,697,4289,2457,605,8077,2,2864,1,1,0,1,0,0,0
106010967,ST. ROSE HOSPITAL,1,53.78,3,1,1,0,1,217,1,24,798,1821,2.28,0,0,1,1,1,0,1,12,523,3687,4223,1,1140,1,1,793,1,26,1,0
106010983,VALLEY MEMORIAL HOSPITAL,1,46.75,3,1,2,0,1,75,1,0,0,0,0.00,0,0,0,0,0,0,0,0,0,0,0,1,0,1,0,0,1,0,0,0
106010987,WASHINGTON HOSPITAL - FREMONT,1,57.68,3,1,1,14,1,341,1,22,1724,3944,2.29,0,0,1,1,1,1,2,12,360,6495,6869,2,3229,1,0,1851,1,117,7,0
106013619,SAN LEANDRO HOSPITAL,1,55.95,3,1,1,0,1,93,1,0,0,0,0.00,0,0,1,1,1,1,34,292,1365,2078,3772,1,745,1,1,0,1,0,0,0
106013626,ALTA BATES SUMMIT MED CTR-SUMMIT CAMPUS-SUMMIT,1,70.57,4,1,1,0,1,101,1,0,0,0,0.00,0,0,0,0,0,0,0,0,0,0,0,1,0,1,1,0,1,0,0,0
106013687,MPI CHEMICAL DEPENDENCY RECOVERY HOSPITAL,1,32.76,2,4,4,0,1,24,1,0,0,0,0.00,0,0,0,0,0,0,0,0,0,0,0,1,0,1,0,0,1,0,0,0
106014034,FREMONT HOSPITAL,1,26.41,2,2,3,0,1,148,1,0,0,0,0.00,8,0,0,0,0,0,0,0,0,0,0,1,0,1,0,0,1,0,0,0
106014050,VALLEYCARE MEDICAL CENTER,1,24.60,2,1,1,10,1,167,1,0,1294,2749,2.12,0,0,1,1,1,0,1,16,355,5235,5608,2,2769,1,1,1431,1,70,14,0
106014132,KAISER FND HOSP - FREMONT,1,19.62,1,1,1,0,1,106,1,0,0,0,0.00,0,1,1,1,1,1,2,41,808,1749,2602,1,1239,1,0,0,1,0,0,0
106014207,TELECARE HERITAGE PSYCHIATRIC HEALTH FACILITY,1,10.90,1,3,3,0,1,26,1,0,0,0,0.00,0,0,0,0,1,0,0,0,0,0,0,1,0,1,0,0,1,0,0,0
106014226,TELECARE WILLOW ROCK CENTER,1,9.03,1,3,3,0,1,16,1,0,0,0,0.00,8,0,0,0,0,0,0,0,0,0,0,1,0,1,0,0,1,0,0,0
106014233,EDEN MEDICAL CENTER,1,116.60,6,1,1,0,1,130,1,11,1393,3331,2.39,0,1,1,1,1,1,0,20,394,4406,4820,1,1804,1,0,1393,1,28,3,0
106014326,KAISER FND HOSP - OAKLAND/RICHMOND,1,116.60,6,1,1,24,2,315,1,6,2189,4283,1.96,0,1,1,1,1,1,74,4338,3111,61,7587,2,4688,2,1,2401,2,203,40,0
106014337,KAISER FND HOSP - SAN LEANDRO,1,116.60,6,1,1,20,1,216,1,8,1807,3320,1.84,0,1,1,1,1,1,4,18,502,1916,2443,1,1476,1,0,1961,1,141,23,0
106034002,SUTTER AMADOR HOSPITAL,1,16.26,1,1,1,0,1,52,1,8,319,622,1.95,0,0,1,1,1,0,0,1180,683,273,2136,1,548,1,0,319,1,0,0,0
106040802,BIGGS GRIDLEY MEMORIAL HOSPITAL,1,67.17,4,1,1,0,1,45,1,0,0,0,0.00,0,0,0,0,1,0,66,272,163,0,501,1,95,1,0,0,1,0,0,0
106040828,ENLOE MEDICAL CENTER - COHASSET,1,52.09,3,1,3,0,1,30,1,0,0,0,0.00,0,0,0,0,0,0,0,0,0,0,0,1,0,1,0,0,1,0,0,0
106040875,FEATHER RIVER HOSPITAL,1,65.39,4,1,1,0,1,100,1,18,911,1907,2.09,0,0,1,1,1,1,2,32,421,2905,3360,1,1119,1,1,907,1,28,4,1
106040937,OROVILLE HOSPITAL,1,54.56,3,1,1,0,1,133,1,10,442,1103,2.50,0,1,1,1,1,1,32,4458,4443,963,9896,2,1637,1,1,441,1,23,3,0
106040962,ENLOE MEDICAL CENTER- ESPLANADE,1,70.33,4,1,1,6,1,228,1,22,1592,3327,2.09,0,1,1,1,1,0,65,1128,5285,3962,10461,3,4015,2,1,1575,1,80,6,1
106044006,BUTTE COUNTY MENTAL HEALTH SERVICES,1,28.46,2,3,3,0,1,16,1,0,0,0,0.00,0,0,0,0,0,0,0,0,0,0,0,1,0,1,0,0,1,0,0,0
106044011,ENLOE REHABILITATION CENTER,1,25.17,2,1,6,0,1,40,1,0,0,0,0.00,0,0,0,0,0,0,0,0,0,0,0,1,0,1,0,0,1,0,0,0
106050932,MARK TWAIN MEDICAL CENTER,1,64.93,4,1,1,0,1,48,1,0,0,0,0.00,0,1,1,1,1,0,0,28,690,283,1001,1,223,1,1,0,1,0,0,1
106060870,COLUSA REGIONAL MEDICAL CENTER,1,63.07,4,1,1,0,1,48,1,6,158,413,2.61,0,0,1,1,1,0,1,6,37,451,495,1,222,1,1,158,1,5,0,0
106070904,DOCTORS MEDICAL CENTER - SAN PABLO,0,62.52,4,1,1,0,1,124,1,0,0,0,0.00,0,0,1,1,1,1,0,18,737,1796,2552,1,719,1,1,1,1,0,0,0
106070924,CONTRA COSTA REGIONAL MEDICAL CENTER,1,63.06,4,1,1,6,1,167,1,6,2245,4304,1.92,0,1,1,1,1,1,153,1193,2672,920,4974,1,1874,1,0,2247,2,88,1,0
106070934,SUTTER DELTA MEDICAL CENTER,1,49.47,3,1,1,4,1,145,1,20,1000,2708,2.71,0,1,1,1,1,1,1,28,554,5951,6535,2,1377,1,1,1000,1,48,2,0
106070988,JOHN MUIR MEDICAL CENTER-WALNUT CREEK CAMPUS,1,51.10,3,1,1,60,3,572,2,0,2407,5446,2.26,0,1,1,1,1,1,4,19,15,9435,9494,2,5621,2,0,2867,2,253,35,1
106070990,KAISER FND HOSP - WALNUT CREEK,1,62.87,4,1,1,25,2,233,1,32,3224,5623,1.74,0,1,1,1,1,1,17,221,2758,4582,7578,2,1400,1,1,3536,2,280,63,1
106071018,JOHN MUIR MEDICAL CENTER-CONCORD CAMPUS,1,70.57,4,1,1,0,1,267,1,0,0,0,0.00,0,1,1,1,1,1,1,36,39,6666,6742,2,3372,1,0,0,1,0,0,1
106074011,SAN RAMON REGIONAL MEDICAL CENTER SOUTH BUILDING,1,26.93,2,1,8,0,1,64,1,0,0,0,0.00,0,0,0,0,0,0,0,0,0,0,0,1,0,1,0,0,1,0,0,0
106074017,SAN RAMON REGIONAL MEDICAL CENTER,1,26.42,2,1,1,2,1,123,1,17,778,1691,2.17,0,0,1,1,1,0,1,8,480,2283,2774,1,1278,1,1,778,1,44,1,0
106074039,JOHN MUIR BEHAVIORAL HEALTH CENTER,1,23.35,2,2,3,0,1,73,1,0,0,0,0.00,5,0,0,0,0,0,0,0,0,0,0,1,0,1,0,0,1,0,0,0
106074093,KAISER FND HOSP - RICHMOND CAMPUS,1,20.85,2,1,1,0,1,50,1,0,0,0,0.00,0,1,1,1,1,1,33,1551,2338,128,4050,1,519,1,1,0,1,0,0,0
106074097,KAISER FOUND HSP-ANTIOCH,1,8.68,1,1,1,6,1,150,1,10,1511,2505,1.66,0,1,1,1,1,1,1,145,1895,1926,3967,1,2370,1,0,1574,1,53,0,0
106084001,SUTTER COAST HOSPITAL,1,70.57,4,1,1,0,1,49,1,4,302,538,1.78,0,0,1,1,1,1,72,1864,260,22,2221,1,349,1,1,302,1,12,0,0
106090793,BARTON MEMORIAL HOSPITAL,1,52.67,3,1,1,0,1,111,1,9,314,618,1.97,0,0,1,1,1,1,1,6,17,1077,1103,1,442,1,1,345,1,18,1,0
106090933,MARSHALL  MEDICAL CENTER (1-RH),1,57.17,3,1,1,0,1,113,1,12,531,762,1.44,0,1,1,1,1,0,0,358,2161,1045,3564,1,1194,1,1,531,1,22,0,1
106094002,EL DORADO COUNTY P H F,1,28.46,2,3,3,0,1,16,1,0,0,0,0.00,0,0,0,0,0,0,0,0,0,0,0,1,0,1,0,0,1,0,0,0
106100005,CLOVIS COMMUNITY MEDICAL CENTER,1,27.58,2,1,1,8,1,208,1,8,4601,8649,1.88,0,1,1,1,1,0,1,56,71,3559,3704,1,3120,1,1,4883,3,205,48,1
106100697,COALINGA REGIONAL MEDICAL CENTER,1,70.38,4,1,1,0,1,123,1,0,0,0,0.00,0,0,0,0,1,1,0,0,0,0,179,1,0,1,0,1,1,0,0,0
106100717,COMMUNITY REGIONAL MEDICAL CENTER-FRESNO,1,70.57,4,1,1,84,5,641,2,70,5133,9982,1.94,0,0,1,1,1,1,8,119,260,20578,21056,3,8490,3,1,6534,4,533,192,1
106100793,ADVENTIST MEDICAL CENTER-SELMA,1,53.76,3,1,1,0,1,57,1,15,273,599,2.19,0,0,1,1,1,0,105,2386,279,15,2786,1,624,1,0,271,1,3,0,0
106100797,ADVENTIST MEDICAL CENTER - REEDLEY,1,51.27,3,1,1,0,1,49,1,25,1422,2227,1.57,0,0,1,1,1,0,105,781,154,9,1054,1,502,1,1,1432,1,36,3,0
106100899,ST. AGNES MEDICAL CENTER,1,41.33,3,1,1,0,1,436,2,30,3180,5690,1.79,0,1,1,1,1,1,9,79,1817,11381,13287,3,4551,2,0,3177,2,117,81,1
106104008,COMMUNITY BEHAVIORAL HEALTH CENTER,1,28.79,2,1,3,0,1,61,1,0,0,0,0.00,0,0,0,0,0,0,0,0,0,0,0,1,0,1,0,0,1,0,0,0
106104023,SAN JOAQUIN VALLEY REHABILITATION HOSPITAL,1,25.48,2,1,6,0,1,62,1,0,0,0,0.00,0,0,0,0,0,0,0,0,0,0,0,1,0,1,0,0,1,0,0,0
106104047,FRESNO SURGICAL HOSPITAL,1,23.39,2,1,1,0,1,27,1,0,0,0,0.00,0,0,0,0,0,0,0,0,0,0,0,1,2189,1,1,0,1,0,0,0
106104062,KAISER FND HOSP - FRESNO,1,21.39,2,1,1,12,1,169,1,0,1051,1871,1.78,0,1,1,1,1,1,2,208,1886,1924,4020,1,1806,1,1,1223,1,74,7,0
106104089,CRESTWOOD PSYCHIATRIC HEALTH FACILITY-FRESNO,1,19.77,1,3,3,0,1,16,1,0,0,0,0.00,0,0,0,0,0,0,0,0,0,0,0,1,0,1,0,0,1,0,0,0
106105029,FRESNO HEART AND SURGICAL HOSPITAL,1,12.76,1,1,1,0,1,57,1,0,0,0,0.00,0,0,0,0,0,0,0,0,0,0,0,1,2432,1,1,0,1,0,0,1
106105051,DEPARTMENT OF STATE HOSPITAL - COALINGA,1,10.88,1,2,3,0,1,1500,3,0,0,0,0.00,0,0,0,0,0,0,0,0,0,0,0,1,0,1,0,0,1,0,0,0
106110889,GLENN MEDICAL CENTER,1,63.07,4,1,1,0,1,47,1,0,0,0,0.00,0,0,0,0,1,0,0,0,0,0,235,1,0,1,1,0,1,0,0,0
106120981,"GENERAL HOSPITAL, THE",1,63.07,4,1,1,0,1,15,1,0,0,0,0.00,0,0,0,0,0,0,0,0,0,0,0,1,0,1,1,0,1,0,0,0
106121002,MAD RIVER COMMUNITY HOSPITAL,1,43.73,3,1,1,0,1,78,1,0,596,1087,1.82,0,0,1,1,1,0,1,9,380,70,460,1,667,1,1,607,1,11,3,0
106121031,JEROLD PHELPS COMMUNITY HOSPITAL,1,52.92,3,1,8,0,1,17,1,0,0,0,0.00,0,0,0,0,1,0,0,0,0,0,0,1,0,1,0,0,1,0,0,0
106121051,REDWOOD MEMORIAL HOSPITAL,1,59.35,3,1,1,0,1,35,1,8,359,580,1.62,0,1,1,1,1,0,0,0,446,241,687,1,436,1,1,358,1,21,0,0
106121080,ST. JOSEPH HOSPITAL - EUREKA,1,62.00,4,1,1,5,1,138,1,14,462,883,1.91,0,1,1,1,1,0,0,49,2829,1128,4006,1,2054,1,1,455,1,27,2,0
106124004,SEMPERVIRENS P.H.F.,1,28.46,2,3,3,0,1,16,1,0,0,0,0.00,0,0,0,0,0,0,0,0,0,0,0,1,0,1,0,0,1,0,0,0
106130699,EL CENTRO REGIONAL MEDICAL CENTER,1,49.50,3,1,1,0,1,161,1,19,1102,2322,2.11,0,0,1,1,1,1,0,0,0,0,3620,1,856,1,1,1108,1,79,9,0
106130760,PIONEERS MEMORIAL HEALTHCARE DISTRICT,1,65.72,4,1,1,7,1,107,1,25,1737,2638,1.52,0,0,1,1,1,1,0,34,74,2311,2420,1,1649,1,1,1873,1,30,4,0
106141273,NORTHERN INYO HOSPITAL,1,68.20,4,1,1,0,1,25,1,6,225,446,1.98,0,0,1,1,1,1,12,65,157,222,456,1,299,1,0,224,1,11,1,0
106141338,SOUTHERN INYO HOSPITAL,1,64.32,4,1,2,0,1,37,1,0,0,0,0.00,0,0,0,0,1,0,0,2,7,17,27,1,0,1,0,0,1,0,0,0
106150706,DELANO REGIONAL MEDICAL CENTER,1,42.55,3,1,1,0,1,156,1,20,825,1746,2.12,0,0,1,1,1,0,0,1,131,2165,2297,1,1195,1,1,834,1,40,4,0
106150722,BAKERSFIELD MEMORIAL HOSPITAL,1,59.82,3,1,1,31,2,426,2,10,3180,4565,1.44,0,0,1,1,1,0,15,122,6918,2193,9248,2,4440,2,0,3181,2,177,31,1
106150736,KERN MEDICAL CENTER,1,63.07,4,1,1,28,2,222,1,0,2201,3620,1.64,0,0,1,1,1,1,8,30,157,3417,3629,1,2713,1,0,2773,2,314,39,0
106150737,KERN VALLEY HEALTHCARE DISTRICT,1,48.09,3,1,2,0,1,101,1,0,0,0,0.00,0,0,0,0,1,0,0,13,531,41,585,1,15,1,1,1,1,0,0,0
106150761,MERCY HOSPITAL - BAKERSFIELD,1,69.57,4,1,1,0,1,144,1,0,0,0,0.00,0,1,1,1,1,0,2,32,2334,2051,4420,1,1532,1,1,0,1,0,0,0
106150775,GOOD SAMARITAN HOSPITAL-BAKERSFIELD,1,56.20,3,1,3,0,1,154,1,0,0,0,0.00,6,0,1,1,1,0,0,0,0,0,0,1,136,1,0,0,1,0,0,0
106150782,RIDGECREST REGIONAL HOSPITAL,1,69.82,4,1,1,0,1,98,1,0,455,858,1.89,0,0,1,1,1,0,11,848,656,48,1563,1,517,1,0,456,1,9,0,0
106150788,SAN JOAQUIN COMMUNITY HOSPITAL,1,43.22,3,1,1,9,1,254,1,23,3076,4406,1.43,0,1,1,1,1,1,3,39,1034,10663,11739,3,4345,2,1,3469,2,141,25,0
106150808,TEHACHAPI HOSPITAL,1,70.33,4,1,1,0,1,28,1,0,0,0,0.00,0,0,0,0,1,0,0,0,0,0,33,1,0,1,0,0,1,0,0,0
106154022,HEALTHSOUTH BAKERSFIELD REHABILITATION HOSPITAL,1,26.21,2,1,6,0,1,66,1,0,0,0,0.00,0,0,0,0,0,0,0,0,0,0,0,1,0,1,0,0,1,0,0,0
106154101,BAKERSFIELD HEART HOSPITAL,1,16.84,1,1,1,0,1,47,1,0,0,0,0.00,0,0,1,1,1,1,0,0,0,4976,4976,1,642,1,0,0,1,0,0,0
106154108,MERCY SOUTHWEST HOSPITAL,1,24.00,2,1,1,9,1,78,1,18,0,25,0.00,0,1,1,1,1,0,6,36,1489,1617,3149,1,1548,1,1,2805,2,137,32,1
106154160,CRESTWOOD PSYCHIATRIC HEALTH FACILITY 2,1,5.65,1,3,3,0,1,16,1,0,0,0,0.00,0,0,0,0,0,0,0,0,0,0,0,1,0,1,0,0,1,0,0,0
106160787,CENTRAL VALLEY GENERAL HOSPITAL,1,70.57,4,1,1,0,1,49,1,6,2128,3599,1.69,0,0,0,0,0,0,0,0,0,0,0,1,745,1,0,2141,2,66,12,0
106164029,ADVENTIST MEDICAL CENTER,1,5.60,1,1,1,0,1,142,1,0,0,0,0.00,0,0,1,1,1,1,37,4933,650,84,5705,2,2089,1,1,0,1,0,0,0
106171049,ST. HELENA HOSPITAL - CLEARLAKE,1,48.26,3,1,1,0,1,32,1,4,166,303,1.83,0,0,1,1,1,0,0,0,0,0,890,1,284,1,1,202,1,6,1,0
106171395,SUTTER LAKESIDE HOSPITAL,1,38.22,2,1,1,0,1,30,1,6,306,521,1.70,0,0,1,1,1,0,1,9,103,331,444,1,415,1,1,306,1,17,4,0
106184008,BANNER LASSEN MEDICAL CENTER,1,13.22,1,1,1,0,1,38,1,6,279,526,1.89,0,0,1,1,1,0,0,4,32,776,812,1,280,1,0,277,1,13,3,0
106190017,ALHAMBRA HOSPITAL MEDICAL CENTER,1,70.57,4,1,1,0,1,144,1,0,0,0,0.00,0,0,1,1,1,1,13,178,765,3065,4021,1,749,1,1,0,1,0,0,0
106190020,BHC ALHAMBRA HOSPITAL,1,70.57,4,2,3,0,1,97,1,0,0,0,0.00,23,0,0,0,0,0,0,0,0,0,0,1,0,1,0,0,1,0,0,0
106190034,ANTELOPE VALLEY HOSPITAL,1,60.82,4,1,1,48,3,420,2,0,4783,8872,1.85,0,1,1,1,1,1,5,40,220,11364,11632,3,6888,2,1,5262,3,565,169,1
106190045,CATALINA ISLAND MEDICAL CENTER,1,70.57,4,1,1,0,1,12,1,0,0,0,0.00,0,0,0,0,1,0,0,0,9,1,10,1,0,1,0,0,1,0,0,0
106190049,KINDRED HOSPITAL BALDWIN PARK,1,60.13,4,1,1,0,1,95,1,0,0,0,0.00,0,0,0,0,0,0,0,0,0,0,0,1,287,1,0,0,1,0,0,0
106190052,BARLOW RESPIRATORY HOSPITAL,1,70.57,4,1,1,0,1,105,1,0,0,0,0.00,0,0,0,0,1,0,0,0,0,0,0,1,0,1,0,0,1,0,0,0
106190053,ST. MARY MEDICAL CENTER - LONG BEACH,1,70.57,4,1,1,25,2,389,1,25,2480,5901,2.38,0,1,1,1,1,0,0,0,0,0,6283,2,1493,1,1,2679,2,119,24,0
106190081,BEVERLY HOSPITAL,1,70.57,4,1,1,10,1,224,1,17,799,1463,1.83,0,0,1,1,1,1,18,3,41,3030,3093,1,1613,1,0,791,1,32,2,0
106190110,SOUTHERN CALIFORNIA HOSPITAL AT CULVER CITY,1,70.57,4,1,1,0,1,420,2,0,0,0,0.00,0,0,1,1,1,1,137,787,1617,4606,7191,2,968,1,0,0,1,0,0,0
106190125,CALIFORNIA HOSPITAL MEDICAL CENTER - LOS ANGELES,1,70.57,4,1,1,26,2,318,1,61,3437,8222,2.39,0,0,1,1,1,1,7,49,4746,3157,7962,2,3206,1,1,4035,3,334,60,0
106190137,CASA COLINA HOSPITAL FOR REHAB MEDICINE,1,55.40,3,1,6,0,1,68,1,0,0,0,0.00,0,0,0,0,0,0,0,0,0,0,0,1,0,1,0,0,1,0,0,1
106190148,CENTINELA HOSPITAL MEDICAL CENTER,1,70.57,4,1,1,9,1,369,1,29,794,1657,2.09,0,0,1,1,1,1,14,25,143,12477,12672,3,1442,1,0,794,1,42,29,1
106190150,KEDREN COMMUNITY MENTAL HEALTH CENTER,1,42.76,3,2,3,0,1,72,1,0,0,0,0.00,9,0,0,0,0,0,0,0,0,0,0,1,0,1,0,0,1,0,0,0
106190155,CENTURY CITY DOCTORS HOSPITAL,0,44.23,3,1,0,0,1,176,1,0,0,0,0.00,0,0,0,0,0,0,0,0,0,0,0,1,0,1,0,0,1,0,0,0
106190159,GARDENS REGIONAL HOSPITAL AND MEDICAL CENTER,1,44.48,3,1,1,0,1,107,1,0,0,0,0.00,0,0,1,1,1,1,0,0,2516,225,2741,1,1242,1,1,0,1,0,0,0
106190163,AURORA CHARTER OAK,1,70.57,4,2,3,0,1,134,1,0,0,0,0.00,10,0,0,0,1,0,0,0,0,0,0,1,0,1,0,0,1,0,0,0
106190170,CHILDRENS HOSPITAL OF LOS ANGELES,1,70.57,4,1,5,98,5,568,2,0,0,0,0.00,0,1,1,1,1,1,89,2203,3942,593,6843,2,6608,2,1,0,1,0,0,1
106190176,CITY OF HOPE HELFORD CLINICAL RESEARCH HOSPITAL,1,70.39,4,1,8,0,1,217,1,0,0,0,0.00,0,1,0,0,0,0,0,0,0,0,0,1,3241,1,1,0,1,0,0,1
106190184,COLLEGE HOSPITAL,1,42.27,3,2,3,0,1,187,1,0,0,0,0.00,20,0,0,0,0,0,0,0,0,0,0,1,0,1,0,0,1,0,0,0
106190196,KINDRED HOSPITAL SOUTH BAY,1,59.02,3,1,8,0,1,84,1,0,0,0,0.00,0,0,1,1,1,0,0,0,0,0,0,1,137,1,0,0,1,0,0,0
106190197,COMMUNITY HOSPITAL OF HUNTINGTON PARK,1,58.56,3,1,1,0,1,81,1,0,0,0,0.00,0,0,1,1,1,1,0,3,26,3264,3293,1,714,1,1,0,1,0,0,0
106190198,LOS ANGELES COMMUNITY HOSPITAL,1,58.75,3,1,1,0,1,130,1,16,96,281,2.93,0,0,1,1,1,1,10,100,831,1475,2445,1,1204,1,0,95,1,3,0,0
106190200,SAN GABRIEL VALLEY MEDICAL CENTER,1,55.93,3,1,1,12,1,273,1,22,2957,6449,2.18,0,0,1,1,1,1,37,27,2195,2025,4390,1,1212,1,1,3181,2,54,9,0
106190232,DEL AMO HOSPITAL,1,43.73,3,2,3,0,1,166,1,0,0,0,0.00,11,0,0,0,0,0,0,0,0,0,0,1,0,1,0,0,1,0,0,0
106190240,LAKEWOOD REGIONAL MEDICAL CENTER,1,44.18,3,1,1,0,1,172,1,0,0,0,0.00,0,0,1,1,1,0,290,5,426,5569,6295,2,1901,1,0,0,1,0,0,1
106190243,PIH HOSPITAL - DOWNEY,1,46.84,3,1,1,7,1,199,1,17,948,1644,1.73,0,0,1,1,1,1,2,2,22,6101,6127,2,1757,1,1,1093,1,73,9,1
106190256,EAST LOS ANGELES DOCTORS HOSPITAL,1,66.95,4,1,1,0,1,127,1,13,490,1304,2.66,0,0,1,1,1,1,0,0,10,1751,1761,1,807,1,1,490,1,9,7,0
106190280,ENCINO HOSPITAL MEDICAL CENTER,1,61.71,4,1,1,0,1,148,1,0,0,0,0.00,0,0,1,1,1,1,0,0,0,0,2221,1,313,1,1,0,1,0,0,0
106190298,FOOTHILL PRESBYTERIAN HOSPITAL-JOHNSTON MEMORIAL,1,43.32,3,1,1,0,1,105,1,8,777,1445,1.86,0,1,1,1,1,0,0,4,4,3741,3749,1,1496,1,1,771,1,32,9,0
106190305,KINDRED HOSPITAL - LOS ANGELES,1,58.24,3,1,1,0,1,81,1,0,0,0,0.00,0,0,0,0,0,0,0,0,0,0,0,1,113,1,0,0,1,0,0,0
106190307,PACIFIC ALLIANCE MEDICAL CENTER,1,70.57,4,1,1,0,1,138,1,12,2448,5790,2.37,0,0,0,0,0,0,0,0,0,0,0,1,2038,1,1,2448,2,124,5,1
106190315,GARFIELD MEDICAL CENTER,1,70.57,4,1,1,20,1,210,1,26,4485,9300,2.07,0,0,1,1,1,1,1,10,62,5952,6025,2,2209,1,1,4483,3,224,31,0
106190317,GATEWAYS HOSPITAL AND MENTAL HEALTH CENTER,1,42.05,3,2,3,0,1,55,1,0,0,0,0.00,7,0,0,0,0,0,0,0,0,0,0,1,0,1,0,0,1,0,0,0
106190323,GLENDALE ADVENTIST MEDICAL CENTER,1,70.57,4,1,1,14,1,515,2,22,2245,4337,1.93,0,0,1,1,1,0,11,78,2114,10348,12553,3,3277,1,0,2427,2,125,11,0
106190328,GLENDORA COMMUNITY HOSPITAL,1,58.12,3,1,1,0,1,128,1,0,185,304,1.64,0,0,1,1,1,1,38,297,380,615,1330,1,265,1,0,185,1,4,0,0
106190352,GREATER EL MONTE COMMUNITY HOSPITAL,1,42.05,3,1,1,0,1,117,1,13,455,953,2.09,0,0,1,1,1,1,13,128,583,1292,2081,1,606,1,0,455,1,6,0,0
106190380,SOUTHERN CALIFORNIA HOSPITAL AT HOLLYWOOD,1,53.45,3,1,1,0,1,159,1,0,0,0,0.00,0,0,1,1,1,1,0,0,0,0,0,1,602,1,0,0,1,0,0,0
106190382,HOLLYWOOD PRESBYTERIAN MEDICAL CENTER,1,70.57,4,1,1,15,1,434,2,35,3053,7008,2.30,0,0,1,1,1,0,21,83,1205,4716,6041,2,1914,1,1,3612,2,223,39,1
106190385,PROVIDENCE HOLY CROSS MEDICAL CENTER,1,55.09,3,1,1,12,1,377,1,24,3057,6116,2.00,0,1,1,1,1,1,2,35,893,7914,8844,2,4782,2,1,3282,2,176,30,0
106190392,GOOD SAMARITAN HOSPITAL-LOS ANGELES,1,70.57,4,1,1,23,2,408,2,10,3276,7725,2.36,0,0,1,1,1,0,2,17,409,4489,4917,1,2565,1,1,3759,2,207,41,0
106190400,HUNTINGTON MEMORIAL HOSPITAL,1,70.57,4,1,1,51,3,625,2,48,3283,7584,2.31,0,1,1,1,1,1,10,77,3325,11149,14565,3,8934,3,0,3283,2,241,63,0
106190410,SILVER LAKE MEDICAL CENTER-INGLESIDE CAMPUS,1,70.57,4,1,3,0,1,118,1,0,0,0,0.00,0,0,0,0,1,0,0,0,0,0,0,1,0,1,0,0,1,0,0,0
106190413,CITRUS VALLEY MEDICAL CENTER - IC CAMPUS,1,70.33,4,1,1,0,1,193,1,0,0,0,0.00,0,1,1,1,1,0,0,3,1,6043,6047,2,1474,1,1,0,1,0,0,0
106190422,TORRANCE MEMORIAL MEDICAL CENTER,1,45.31,3,1,1,25,2,446,2,28,2819,6722,2.38,0,1,1,1,1,1,5,34,133,12979,13151,3,6409,2,1,3201,2,192,41,1
106190429,KAISER FND HOSP - LOS ANGELES,1,63.23,4,1,1,33,2,460,2,0,2237,3808,1.70,0,1,1,1,1,1,2,4710,2819,716,8257,2,9204,3,1,2505,2,229,58,1
106190431,KAISER FND HOSP - SOUTH BAY,1,57.52,3,1,1,10,1,229,1,0,2071,4065,1.96,0,1,1,1,1,1,0,2345,3181,771,6297,2,4010,2,1,2293,2,120,12,0
106190432,KAISER FND HOSP - PANORAMA CITY,1,53.09,3,1,1,24,2,218,1,29,1983,3625,1.83,0,1,1,1,1,1,9,1366,2002,1252,4630,1,2862,1,1,2190,2,181,53,0
106190434,KAISER FND HOSP - WEST LA,1,41.84,3,1,1,17,1,288,1,28,1582,2753,1.74,0,1,1,1,1,1,0,2017,2936,1359,6317,2,3765,1,0,1768,1,127,19,0
106190449,KINDRED HOSPITAL - LA MIRADA,1,54.99,3,1,1,0,1,118,1,0,0,0,0.00,0,0,0,0,0,0,0,0,0,0,0,1,63,1,0,0,1,0,0,0
106190458,KINDRED HOSPITAL - SAN GABRIEL VALLEY,1,60.12,4,1,1,0,1,76,1,0,0,0,0.00,0,0,0,0,0,0,0,0,0,0,0,1,48,1,0,0,1,0,0,0
106190462,AURORA LAS ENCINAS HOSPITAL,1,70.57,4,2,3,0,1,118,1,0,0,0,0.00,0,0,0,0,1,0,0,0,0,0,0,1,0,1,0,0,1,0,0,0
106190468,PROMISE HOSPITAL OF EAST LOS ANGELES-EAST L.A. CAMPUS,1,70.57,4,1,1,0,1,36,1,0,0,0,0.00,0,0,0,0,0,0,0,0,0,0,0,1,105,1,0,0,1,0,0,0
106190470,PROVIDENCE LITTLE COMPANY OF MARY MC - TORRANCE,1,56.59,3,1,1,34,2,442,2,22,2470,5675,2.30,0,1,1,1,1,1,3,38,1147,11344,12534,3,3848,1,1,2656,2,137,27,1
106190475,COMMUNITY HOSPITAL LONG BEACH,1,70.57,4,1,1,20,1,208,1,0,0,0,0.00,0,0,1,1,1,1,492,497,1354,1689,4035,1,378,1,1,0,1,0,0,0
106190500,MARINA DEL REY HOSPITAL,1,46.26,3,1,1,0,1,145,1,0,0,0,0.00,0,0,1,1,1,1,48,145,424,1691,2309,1,1716,1,0,0,1,0,0,0
106190517,PROVIDENCE TARZANA MEDICAL CENTER,1,42.80,3,1,1,21,2,249,1,31,2446,5898,2.41,0,1,1,1,1,1,1,37,1043,5384,6466,2,2940,1,1,2532,2,261,31,0
106190521,MEMORIAL HOSPITAL OF GARDENA,1,67.20,4,1,1,0,1,172,1,18,974,2337,2.40,0,0,1,1,1,1,0,3,72,4545,4620,1,1204,1,1,962,1,55,1,0
106190522,GLENDALE MEMORIAL HOSPITAL AND HEALTH CENTER,1,70.57,4,1,1,13,1,334,1,14,1727,3897,2.26,0,1,1,1,1,1,10,84,3924,1344,5363,2,1234,1,1,1938,1,112,21,0
106190524,MISSION COMMUNITY HOSPITAL - PANORAMA CAMPUS,1,50.94,3,1,1,0,1,145,1,0,0,0,0.00,0,0,1,1,1,1,2,19,4648,677,5346,2,1541,1,0,0,1,0,0,0
106190525,LONG BEACH MEMORIAL MEDICAL CENTER,1,56.06,3,1,1,0,1,458,2,0,0,0,0.00,0,1,1,1,1,1,1,32,8650,7065,15751,3,6456,2,1,0,1,0,0,1
106190529,METHODIST HOSPITAL OF SOUTHERN CALIFORNIA,1,59.17,3,1,1,17,1,400,1,0,1922,4455,2.32,0,1,1,1,1,1,26,666,6189,1848,8743,2,3485,1,0,1993,1,104,17,1
106190534,OLYMPIA MEDICAL CENTER,1,68.67,4,1,1,0,1,204,1,0,0,0,0.00,0,0,1,1,1,0,38,164,4026,747,4982,1,1056,1,1,0,1,0,0,0
106190541,MONROVIA MEMORIAL HOSPITAL,1,70.57,4,1,1,0,1,49,1,0,0,0,0.00,0,0,0,0,0,0,0,0,0,0,0,1,424,1,0,0,1,0,0,0
106190547,MONTEREY PARK HOSPITAL,1,43.62,3,1,1,0,1,101,1,30,1751,3975,2.27,0,0,1,1,1,1,1,14,87,1956,2058,1,1495,1,1,1752,1,37,1,0
106190552,MOTION PICTURE AND TELEVISION HOSPITAL,1,70.35,4,1,1,0,1,250,1,0,0,0,0.00,0,1,0,0,0,0,0,0,0,0,0,1,0,1,0,0,1,0,0,0
106190555,CEDARS SINAI MEDICAL CENTER,1,60.94,4,1,1,45,3,886,3,80,6012,13838,2.30,0,1,1,1,1,1,39,108,231,20842,21228,3,16379,3,0,6693,4,513,79,1
106190568,NORTHRIDGE HOSPITAL MEDICAL CENTER,1,60.80,4,1,1,22,2,409,2,22,1071,2579,2.41,4,1,1,1,1,1,8,66,6403,3193,9673,2,3173,1,0,1264,1,57,3,1
106190570,NORWALK COMMUNITY HOSPITAL,1,61.40,4,1,1,0,1,50,1,0,0,0,0.00,0,0,1,1,1,1,23,120,434,1722,2301,1,770,1,1,0,1,0,0,0
106190587,COLLEGE MEDICAL CENTER,1,60.11,4,1,1,0,1,157,1,9,358,866,2.42,0,0,1,1,1,1,76,527,951,3312,4876,1,412,1,0,358,1,7,1,0
106190599,PROMISE HOSPITAL OF EAST LOS ANGELES-SUBURBAN CAMPUS,1,44.69,3,1,1,0,1,177,1,0,0,0,0.00,0,0,0,0,0,0,0,0,0,0,0,1,609,1,1,0,1,0,0,0
106190630,POMONA VALLEY HOSPITAL MEDICAL CENTER,1,70.57,4,1,1,53,3,437,2,41,6389,14013,2.19,0,1,1,1,1,0,8,45,2273,6583,8909,2,3300,1,0,7124,4,556,128,1
106190631,PRESBYTERIAN INTERCOMMUNITY HOSPITAL,1,57.52,3,1,1,34,2,548,2,0,3625,6824,1.88,0,0,1,1,1,1,0,0,5890,5874,11764,3,4572,2,0,4003,3,248,48,1
106190636,CITRUS VALLEY MEDICAL CENTER - QV CAMPUS,1,53.60,3,1,1,40,2,325,1,50,3634,6668,1.83,0,1,1,1,1,0,1,1,20,9491,9514,2,2923,1,1,4131,3,247,59,0
106190646,KAISER FND HOSP - MENTAL HEALTH CENTER,1,70.57,4,1,3,0,1,68,1,0,0,0,0.00,0,0,0,0,0,0,0,0,0,0,0,1,0,1,0,0,1,0,0,0
106190661,SILVER LAKE MEDICAL CENTER-DOWNTOWN CAMPUS,1,41.75,3,1,1,0,1,116,1,0,0,0,0.00,0,0,1,1,1,1,0,0,0,0,0,1,605,1,1,0,1,0,0,0
106190673,SAN DIMAS COMMUNITY HOSPITAL,1,43.72,3,1,1,0,1,101,1,0,585,1132,1.94,0,0,1,1,1,1,0,0,0,3061,3061,1,1010,1,0,583,1,16,1,1
106190680,PROVIDENCE LITTLE COMPANY OF MARY MC - SAN PEDRO,1,70.57,4,1,1,0,1,356,1,18,613,1269,2.07,0,1,1,1,1,1,5,25,342,2742,3114,1,800,1,0,592,1,13,0,0
106190681,MIRACLE MILE MEDICAL CENTER,1,62.05,4,1,1,0,1,17,1,0,0,0,0.00,0,0,1,1,1,1,0,0,0,0,0,1,286,1,0,0,1,0,0,0
106190687,SANTA MONICA - UCLA MEDICAL CENTER AND ORTHOPAEDIC HOSPITAL,1,70.57,4,1,1,16,1,265,1,35,1452,3823,2.63,0,1,1,1,1,1,6,40,113,6828,6995,2,4554,2,1,1975,1,152,23,1
106190696,PACIFICA HOSPITAL OF THE VALLEY,1,69.57,4,1,1,0,1,231,1,335,335,872,2.60,0,0,1,1,1,1,33,202,297,2053,2603,1,472,1,1,336,1,18,2,0
106190708,SHERMAN OAKS HOSPITAL,1,58.39,3,1,1,0,1,153,1,0,0,0,0.00,0,0,1,1,1,1,0,0,0,0,5044,2,830,1,1,0,1,0,0,0
106190712,SHRINERS HOSPITAL FOR  CHILDREN,1,64.39,4,1,5,0,1,60,1,0,0,0,0.00,0,0,1,1,1,0,0,0,0,0,0,1,93,1,0,0,1,0,0,0
106190754,ST. FRANCIS MEDICAL CENTER,1,70.57,4,1,1,29,2,384,1,40,5064,11712,2.31,0,1,1,1,1,1,9,145,1861,7610,9658,2,3092,1,1,5156,3,83,3,0
106190756,PROVIDENCE SAINT JOHNS HEALTH CENTER,1,67.56,4,1,1,18,1,266,1,24,2039,56185,27.56,0,1,1,1,1,1,41,73,41,6752,6916,2,4881,2,1,2166,2,56,18,0
106190758,PROVIDENCE SAINT JOSEPH MEDICAL CENTER,1,70.57,4,1,1,20,1,446,2,32,0,0,0.00,0,1,1,1,1,1,1,66,1117,6186,7370,2,4039,2,0,2361,2,181,47,1
106190762,ST. VINCENT MEDICAL CENTER,1,70.57,4,1,1,0,1,366,1,0,0,0,0.00,0,0,1,1,1,0,1434,5796,4349,1572,13325,3,2289,1,0,1,1,0,0,0
106190766,COAST PLAZA HOSPITAL,1,58.29,3,1,1,0,1,117,1,0,0,0,0.00,0,0,1,1,1,1,0,3,42,2911,2956,1,676,1,1,0,1,0,0,0
106190782,TARZANA TREATMENT CENTER,1,46.05,3,2,3,0,1,60,1,0,0,0,0.00,0,0,0,0,0,0,0,0,0,0,0,1,0,1,0,0,1,0,0,0
106190784,TEMPLE COMMUNITY HOSPITAL,0,70.57,4,1,1,0,1,170,1,0,0,0,0.00,0,0,0,0,0,0,0,0,0,0,0,1,296,1,0,0,1,0,0,0
106190796,RONALD REAGAN UCLA MEDICAL CENTER,1,61.07,4,1,1,32,2,466,2,35,1724,3514,2.04,0,1,1,1,1,1,8,16,66,8871,8964,2,8855,3,1,1598,1,154,30,1
106190812,VALLEY PRESBYTERIAN HOSPITAL,1,58.50,3,1,1,32,2,350,1,58,3335,8041,2.41,0,0,1,1,1,1,7,24,3233,4658,7923,2,3091,1,0,3616,2,182,52,0
106190818,USC VERDUGO HILLS HOSPITAL,1,43.61,3,1,1,0,1,158,1,14,568,1253,2.21,0,0,1,1,1,0,0,0,0,0,3653,1,1115,1,1,568,1,19,0,0
106190854,LOS ANGELES METROPOLITAN MEDICAL CENTER,0,44.73,3,1,0,0,1,213,1,0,0,0,0.00,0,0,0,0,0,0,0,0,0,0,0,1,0,1,0,0,1,0,0,0
106190857,"DOCTORS HOSPITAL OF WEST COVINA, INC",1,57.71,3,1,1,0,1,46,1,0,0,0,0.00,0,0,0,0,0,0,0,0,0,0,0,1,84,1,0,0,1,0,0,0
106190859,WEST HILLS HOSPITAL AND MEDICAL CENTER,1,53.71,3,1,1,11,1,225,1,11,782,1923,2.46,0,0,1,1,1,0,29,216,513,6168,6940,2,2409,1,0,865,1,48,10,0
106190878,WHITE MEMORIAL MEDICAL CENTER,1,70.57,4,1,1,28,2,353,1,32,3283,6648,2.02,0,0,1,1,1,0,1,46,1303,7125,8475,2,3359,1,0,3740,2,165,56,0
106190883,WHITTIER HOSPITAL MEDICAL CENTER,1,59.22,3,1,1,0,1,178,1,32,3445,6302,1.83,0,0,1,1,1,1,2,89,677,3945,4719,1,2093,1,0,3451,2,115,6,0
106190930,RESNICK NEUROPSYCHIATRIC HOSPITAL AT UCLA,1,58.73,3,2,3,0,1,74,1,0,0,0,0.00,17,0,0,0,0,0,0,0,0,0,0,1,0,1,0,0,1,0,0,0
106190949,HENRY MAYO NEWHALL HOSPITAL,1,40.97,3,1,1,11,1,238,1,19,1331,2487,1.87,0,1,1,1,1,1,5,41,1435,8342,9825,2,2676,1,1,1319,1,81,10,0
106190958,DEPARTMENT OF STATE HOSPITAL-METROPOLITAN,1,100.46,6,2,3,0,1,1265,3,0,0,0,0.00,0,0,0,0,0,0,0,0,0,0,0,1,0,1,0,0,1,0,0,0
106191014,LANTERMAN DEVELOPMENTAL CENTER,1,44.55,3,1,7,0,1,991,3,0,0,0,0.00,0,0,0,0,0,0,0,0,0,0,0,1,0,1,0,0,1,0,0,0
106191216,"USC KENNETH NORRIS, JR. CANCER HOSPITAL",1,33.27,2,1,8,0,1,60,1,0,0,0,0.00,0,1,0,0,0,0,0,0,0,0,0,1,85,1,1,0,1,0,0,0
106191225,TOM REDGATE MEMORIAL RECOVERY CENTER,1,33.39,2,4,4,0,1,63,1,0,0,0,0.00,0,0,0,0,0,0,0,0,0,0,0,1,0,1,0,0,1,0,0,0
106191227,LAC/HARBOR-UCLA MEDICAL CENTER,1,63.07,4,1,1,27,2,453,2,26,841,3438,4.09,0,1,1,1,1,1,3351,6684,1378,1500,13246,3,6234,2,1,842,1,83,24,0
106191228,LAC+USC MEDICAL CENTER,1,63.56,4,1,1,40,2,676,2,0,807,2067,2.56,6,1,1,1,1,1,517,8957,10894,1615,22028,3,9381,3,0,1028,1,183,69,0
106191230,MARTIN LUTHER KING JR.-HARBOR HOSPITAL,1,44.32,3,1,0,43,3,461,2,0,0,0,0.00,0,0,0,0,0,0,0,0,0,0,0,1,0,1,0,0,1,0,0,0
106191231,LOS ANGELES COUNTY OLIVE VIEW-UCLA MEDICAL CENTER,1,56.76,3,1,1,14,1,355,1,0,422,936,2.22,0,1,1,1,1,1,4403,3405,41,1,8328,2,2712,1,1,577,1,50,17,0
106191306,LAC/RANCHO LOS AMIGOS NATIONAL REHAB CENTER,1,49.89,3,1,1,0,1,289,1,0,0,0,0.00,0,0,0,0,0,0,0,0,0,0,0,1,970,1,1,0,1,0,0,0
106191450,KAISER FND HOSP - WOODLAND HILLS,1,30.27,2,1,1,18,1,262,1,18,1460,2523,1.73,0,0,1,1,1,1,0,1512,2564,1190,5268,2,2890,1,1,1612,1,97,2,0
106194010,AMERICAN RECOVERY CENTER,1,29.04,2,4,4,0,1,50,1,0,0,0,0.00,0,0,0,0,0,0,0,0,0,0,0,1,0,1,0,0,1,0,0,0
106194219,KECK HOSPITAL OF USC,1,25.16,2,1,1,0,1,401,2,0,0,0,0.00,0,1,0,0,0,0,0,0,0,0,0,1,8076,3,1,0,1,0,0,1
106194967,STAR VIEW ADOLESCENT - P H F,1,19.70,1,3,3,0,1,16,1,0,0,0,0.00,14,0,0,0,0,0,0,0,0,0,0,1,0,1,0,0,1,0,0,0
106194981,LA CASA PSYCHIATRIC HEALTH FACILITY,1,18.67,1,3,3,0,1,16,1,0,0,0,0.00,0,0,0,0,0,0,0,0,0,0,0,1,0,1,0,0,1,0,0,0
106196035,KAISER FND HOSP - BALDWIN PARK,1,17.77,1,1,1,20,1,272,1,41,2620,4228,1.61,0,1,1,1,1,1,2,3197,3049,1031,7283,2,4181,2,1,2836,2,167,28,1
106196168,EARL AND LORAINE MILLER CHILDRENS HOSPITAL,1,16.04,1,1,5,107,6,371,1,48,5035,12161,2.42,0,1,0,0,0,0,0,0,0,0,0,1,4519,2,1,6089,4,676,228,0
106196403,KAISER FOUNDATION HOSPITAL - DOWNEY,1,6.86,1,1,1,49,3,352,1,0,3198,5324,1.66,0,1,1,1,1,1,0,3815,4978,1291,10141,3,5823,2,1,3741,2,328,84,0
106196404,JOYCE EISENBERG KEEFER MEDICAL CENTER,1,8.78,1,2,3,0,1,249,1,0,0,0,0.00,0,0,0,0,1,0,0,0,0,0,0,1,0,1,0,0,1,0,0,0
106196405,PALMDALE REGIONAL MEDICAL CENTER,1,5.59,1,1,1,0,1,157,1,0,0,0,0.00,0,0,1,1,1,0,0,17,68,6560,6649,2,4106,2,1,0,1,0,0,0
106197931,EXODUS RECOVERY P.H.F.,1,116.60,6,3,3,0,1,16,1,0,0,0,0.00,0,0,0,0,0,0,0,0,0,0,0,1,0,1,0,0,1,0,0,0
106201281,MADERA COMMUNITY HOSPITAL,1,44.81,3,1,1,0,1,106,1,21,1404,3120,2.22,0,0,1,1,1,1,19,388,591,523,1521,1,1228,1,1,1404,1,62,5,0
106204019,CHILDRENS HOSPITAL CENTRAL CALIFORNIA,1,17.87,1,1,5,114,6,356,1,0,0,0,0.00,0,1,1,1,1,1,41,49,13,8506,8622,2,5173,2,1,0,1,0,0,0
106210992,KAISER FND HOSP - SAN RAFAEL,1,49.62,3,1,1,0,1,116,1,0,0,0,0.00,0,1,1,1,1,1,1,70,1232,1521,2824,1,1385,1,1,0,1,0,0,0
106210993,KENTFIELD REHABILITATION AND SPECIALTY HOSPITAL,1,52.83,3,1,1,0,1,60,1,0,0,0,0.00,0,0,0,0,0,0,0,0,0,0,0,1,0,1,0,0,1,0,0,0
106211006,MARIN GENERAL HOSPITAL,1,64.19,4,1,1,8,1,235,1,8,1261,2850,2.26,0,0,1,1,1,1,0,40,457,6034,6531,2,2076,1,1,1416,1,56,11,1
106214034,NOVATO COMMUNITY HOSPITAL,1,15.15,1,1,1,0,1,47,1,0,0,0,0.00,0,1,1,1,1,0,1,13,178,1093,1286,1,559,1,1,0,1,0,0,0
106220733,JOHN C FREMONT HEALTHCARE DISTRICT,1,64.82,4,1,1,0,1,34,1,0,0,0,0.00,0,0,0,0,1,0,0,0,20,131,151,1,0,1,1,0,1,0,0,0
106230949,FRANK R HOWARD MEMORIAL HOSPITAL,1,69.57,4,1,1,0,1,38,1,0,0,0,0.00,0,0,1,1,1,1,0,0,0,0,843,1,782,1,1,0,1,0,0,0
106231013,MENDOCINO COAST DISTRICT HOSPITAL,1,45.05,3,1,1,0,1,49,1,1,133,235,1.77,0,0,1,1,1,1,82,221,216,142,661,1,264,1,1,131,1,5,1,0
106231396,UKIAH VALLEY MEDICAL CENTER,1,36.38,2,1,1,4,1,67,1,0,796,1622,2.04,0,0,1,1,1,1,10,40,526,1860,2439,1,1167,1,1,815,1,33,3,0
106240924,MEMORIAL HOSPITAL LOS BANOS,1,48.89,3,1,1,0,1,44,1,12,695,1225,1.76,0,0,1,1,1,0,1,7,103,662,773,1,357,1,0,695,1,22,4,0
106240942,MERCY MEDICAL CENTER - MERCED,1,60.56,4,1,1,0,1,186,1,30,2740,5041,1.84,0,1,1,1,1,0,13,80,3409,3241,6750,2,2107,1,1,2754,2,185,64,0
106244027,MARIE GREEN PSYCHIATRIC CENTER - P H F,1,19.91,1,3,3,0,1,16,1,0,0,0,0.00,0,0,0,0,0,0,0,0,0,0,0,1,0,1,0,0,1,0,0,0
106250955,SURPRISE VALLEY COMMUNITY HOSPITAL,1,63.07,4,1,8,0,1,26,1,0,0,0,0.00,0,0,0,0,1,0,0,0,0,4,4,1,0,1,0,0,1,0,0,0
106250956,MODOC MEDICAL CENTER,1,63.07,4,1,1,0,1,87,1,0,1,1,1.00,0,0,0,0,1,0,0,0,0,129,129,1,1,1,1,1,1,0,0,0
106260011,MAMMOTH HOSPITAL,1,38.44,2,1,1,0,1,17,1,3,95,179,1.88,0,0,1,1,1,1,0,3,46,258,307,1,276,1,0,95,1,6,0,0
106270744,COMMUNITY HOSPITAL OF THE MONTEREY PENINSULA,1,54.09,3,1,1,8,1,258,1,8,1118,1844,1.65,0,1,1,1,1,1,45,327,360,6266,7010,2,4138,2,1,1118,1,26,4,0
106270777,GEORGE L MEE MEMORIAL HOSPITAL,1,53.86,3,1,1,0,1,119,1,0,479,947,1.98,0,0,1,1,1,0,0,0,0,0,708,1,383,1,0,449,1,15,1,0
106270875,SALINAS VALLEY MEMORIAL HOSPITAL,1,63.29,4,1,1,11,1,269,1,34,1785,2984,1.67,0,1,1,1,1,1,13,49,801,3987,4850,1,3374,1,1,1824,1,112,16,0
106274043,NATIVIDAD MEDICAL CENTER,1,17.08,1,1,1,15,1,172,1,18,2229,4622,2.07,0,1,1,0,1,0,0,0,0,0,3509,1,1294,1,0,2528,2,167,4,0
106281047,QUEEN OF THE VALLEY HOSPITAL - NAPA,1,58.38,3,1,1,6,1,211,1,8,674,1473,2.19,0,1,1,1,1,1,5194,11552,7451,780,26231,3,1780,1,0,808,1,22,3,0
106281078,ST. HELENA HOSPITAL,1,70.57,4,1,1,0,1,151,1,0,256,474,1.85,0,0,1,1,1,1,3,21,286,1000,1310,1,2204,1,1,254,1,6,2,0
106281266,NAPA STATE HOSPITAL,1,70.57,4,2,3,0,1,1418,3,0,0,0,0.00,0,0,0,0,0,0,0,0,0,0,0,1,0,1,0,0,1,0,0,0
106291023,SIERRA NEVADA MEMORIAL HOSPITAL,1,57.58,3,1,1,0,1,104,1,10,442,940,2.13,0,1,1,1,1,0,7,50,521,3665,4246,1,1242,1,1,443,1,17,2,0
106291053,TAHOE FOREST HOSPITAL,1,64.32,4,1,1,0,1,72,1,8,366,842,2.30,0,0,1,1,1,0,2,16,99,1146,1263,1,802,1,1,363,1,10,0,0
106300032,CHILDRENS HOSPITAL OF ORANGE COUNTY,1,38.05,2,1,5,67,4,279,1,0,0,0,0.00,0,0,1,1,1,1,0,0,0,0,5845,2,2833,1,1,0,1,0,0,0
106300225,ORANGE COAST MEMORIAL MEDICAL CENTER,1,30.45,2,1,1,12,1,218,1,20,1422,3188,2.24,0,1,1,1,1,0,9,85,6146,962,7203,2,3822,1,1,1552,1,90,15,1
106301097,ANAHEIM GENERAL HOSPITAL,0,50.96,3,1,0,0,1,101,1,0,0,0,0.00,0,0,0,0,0,0,0,0,0,0,0,1,0,1,0,0,1,0,0,0
106301098,AHMC ANAHEIM REGIONAL MEDICAL CENTER,1,58.43,3,1,1,11,1,223,1,12,1702,2918,1.71,0,0,1,1,1,1,139,717,4202,3026,8096,2,2612,1,0,1728,1,123,47,0
106301109,ANAHEIM GENERAL HOSPITAL - BUENA PARK CAMPUS,0,54.48,3,1,0,0,1,42,1,0,0,0,0.00,0,0,0,0,0,0,0,0,0,0,0,1,0,1,0,0,1,0,0,0
106301127,KINDRED HOSPITAL BREA,1,21.37,2,1,1,0,1,86,1,0,0,0,0.00,0,0,1,1,1,0,0,0,0,0,0,1,18,1,0,0,1,0,0,0
106301132,KAISER FND HOSP - ORANGE COUNTY - LAKEVIEW,0,42.28,3,1,0,14,1,200,1,0,0,0,0.00,0,0,0,0,0,0,0,0,0,0,0,1,0,1,0,0,1,0,0,0
106301140,CHAPMAN MEDICAL CENTER,1,47.63,3,1,1,0,1,114,1,0,0,0,0.00,0,0,1,1,1,0,138,453,342,77,1010,1,678,1,1,0,1,0,0,0
106301155,COLLEGE HOSPITAL COSTA MESA,1,47.87,3,1,3,0,1,122,1,0,0,0,0.00,9,0,1,1,1,1,0,0,0,0,0,1,153,1,1,0,1,0,0,0
106301167,KINDRED HOSPITAL - SANTA ANA,1,59.63,3,1,1,0,1,54,1,0,0,0,0.00,0,0,0,0,0,0,0,0,0,0,0,1,33,1,0,0,1,0,0,0
106301175,FOUNTAIN VALLEY RGNL HOSP AND MED CTR - EUCLID,1,44.72,3,1,1,23,2,293,1,55,3352,7287,2.17,0,0,1,1,1,1,3,21,2379,3402,5881,2,5186,2,1,3707,2,182,44,0
106301188,WESTERN MEDICAL CENTER ANAHEIM,1,43.56,3,1,1,5,1,188,1,14,1153,2582,2.24,0,0,1,1,1,1,501,537,768,483,2297,1,871,1,1,1153,1,46,3,0
106301205,HOAG MEMORIAL HOSPITAL PRESBYTERIAN,1,63.86,4,1,1,21,2,443,2,28,6050,12257,2.03,0,1,1,1,1,1,45,243,10423,502,11213,3,5096,2,1,6214,4,349,37,1
106301209,HUNTINGTON BEACH HOSPITAL,1,49.30,3,1,1,0,1,131,1,0,0,0,0.00,0,0,1,1,1,1,0,3,230,2949,3182,1,314,1,0,0,1,0,0,0
106301234,LA PALMA INTERCOMMUNITY HOSPITAL,1,44.14,3,1,1,0,1,141,1,13,465,1016,2.18,0,0,1,1,1,1,0,435,151,2732,3318,1,461,1,0,465,1,20,3,0
106301248,LOS ALAMITOS MEDICAL CENTER,1,47.66,3,1,1,0,1,167,1,19,1401,2910,2.08,0,0,1,1,1,1,1,6,617,5197,5825,2,2394,1,0,1373,1,53,1,1
106301258,COASTAL COMMUNITIES HOSPITAL,1,43.12,3,1,1,0,1,178,1,20,932,2213,2.37,0,0,1,1,1,1,101,778,654,168,1739,1,1127,1,1,932,1,36,2,0
106301262,MISSION HOSPITAL REGIONAL MEDICAL CENTER,1,44.95,3,1,1,0,1,345,1,20,2558,6278,2.45,0,1,1,1,1,0,0,0,0,10337,10337,3,4326,2,0,2729,2,172,28,1
106301279,UNIVERSITY OF CALIFORNIA IRVINE MEDICAL CENTER,1,63.07,4,1,1,45,3,411,2,35,45,78,1.73,6,1,1,1,1,1,10,51,1414,9647,11122,3,7701,2,1,1531,1,189,67,0
106301283,GARDEN GROVE HOSPITAL AND MEDICAL CENTER,1,58.54,3,1,1,12,1,167,1,12,1791,2884,1.61,0,0,1,1,1,1,0,7,55,3549,3611,1,981,1,0,1791,1,31,0,0
106301297,PLACENTIA LINDA HOSPITAL,1,43.81,3,1,1,0,1,114,1,0,0,0,0.00,0,0,1,1,1,1,0,3,543,1787,2333,1,1126,1,0,0,1,0,0,1
106301304,NEWPORT BAY HOSPITAL,1,58.54,3,2,3,0,1,34,1,0,0,0,0.00,0,0,0,0,0,0,0,0,0,0,0,1,0,1,0,0,1,0,0,0
106301317,SADDLEBACK MEMORIAL MEDICAL CENTER,1,42.48,3,1,1,19,1,252,1,24,2507,6047,2.41,0,0,1,1,1,1,7,61,3011,4395,7476,2,3008,1,1,2812,2,168,17,1
106301325,SADDLEBACK MEMORIAL MEDICAL CENTER - SAN CLEMENTE,1,43.92,3,1,1,0,1,73,1,0,0,0,0.00,0,0,1,1,1,1,4,29,1006,591,1630,1,289,1,0,0,1,0,0,0
106301337,MISSION HOSPITAL LAGUNA BEACH,1,57.07,3,1,1,0,1,188,1,0,0,0,0.00,0,0,1,1,1,0,0,0,0,3201,3201,1,513,1,0,0,1,0,0,0
106301340,ST. JOSEPH HOSPITAL - ORANGE,1,51.73,3,1,1,0,1,457,2,51,4628,8987,1.94,0,1,1,1,1,1,7,179,5144,4369,9701,2,9344,3,1,5058,3,344,51,0
106301342,ST. JUDE MEDICAL CENTER,1,59.20,3,1,1,14,1,329,1,12,2213,4272,1.93,0,1,1,1,1,1,0,36,5509,1620,7165,2,2927,1,1,2063,2,105,34,0
106301357,NEWPORT SPECIALTY HOSPITAL,1,46.21,3,1,2,0,1,177,1,0,0,0,0.00,0,0,0,0,1,0,0,0,0,0,0,1,0,1,0,0,1,0,0,0
106301379,WEST ANAHEIM MEDICAL CENTER,1,51.96,3,1,1,0,1,219,1,0,0,0,0.00,0,0,1,1,1,1,0,0,5,5670,5676,2,948,1,0,0,1,0,0,0
106301380,KINDRED HOSPITAL WESTMINSTER,1,56.85,3,1,1,0,1,109,1,0,0,0,0.00,0,0,0,0,0,0,0,0,0,0,0,1,254,1,0,0,1,0,0,0
106301566,WESTERN MEDICAL CENTER - SANTA ANA,1,41.25,3,1,1,16,1,282,1,16,1854,3669,1.98,0,0,1,1,1,0,90,726,1497,1583,3900,1,2639,1,1,1854,1,130,24,0
106301781,FAIRVIEW DEVELOPMENTAL CENTER,1,57.32,3,1,7,0,1,1218,3,0,0,0,0.00,0,0,0,0,0,0,0,0,0,0,0,1,0,1,0,0,1,0,0,0
106304039,FOUNTAIN VALLEY RGNL HOSP AND MED CTR - WARNER,1,26.30,2,1,1,0,1,107,1,0,0,0,0.00,0,0,0,0,0,0,0,0,0,0,0,1,0,1,0,0,1,0,0,0
106304045,HOAG HOSPITAL IRVINE,1,25.92,2,1,1,0,1,84,1,0,0,0,0.00,0,1,1,1,1,1,53,2875,1142,71,4141,1,1436,1,1,0,1,0,0,0
106304079,HEALTHSOUTH TUSTIN REHABILITATION HOSPITAL,1,25.11,2,1,6,0,1,48,1,0,0,0,0.00,0,0,0,0,0,0,0,0,0,0,0,1,0,1,0,0,1,0,0,0
106304113,CHILDRENS HOSPITAL AT MISSION,1,23.53,2,1,5,22,2,54,1,0,0,0,0.00,0,1,1,1,1,0,5,7,819,255,1088,1,313,1,1,0,1,0,0,0
106304159,HEALTHBRIDGE CHILDRENS HOSPITAL-ORANGE,1,16.44,1,1,5,0,1,27,1,0,0,0,0.00,0,0,0,0,0,0,0,0,0,0,0,1,0,1,0,0,1,0,0,0
106304306,KAISER FND HOSP - ORANGE COUNTY - IRVINE,1,8.18,1,1,1,6,1,174,1,8,2364,3894,1.65,0,1,1,1,1,1,2,2188,2671,680,5544,2,3721,1,1,2537,2,174,16,0
106304409,KAISER FND HOSP - ORANGE COUNTY - ANAHEIM,1,116.60,6,1,1,20,1,262,1,8,3118,5170,1.66,0,1,1,1,1,1,0,3187,2910,669,6769,2,3589,1,1,3338,2,247,56,0
106304460,HOAG ORTHOPEDIC INSTITUTE,1,5.67,1,1,1,0,1,70,1,0,0,0,0.00,0,0,1,1,1,0,0,0,0,0,0,1,4283,2,1,0,1,0,0,0
106310791,SUTTER AUBURN FAITH HOSPITAL,1,50.06,3,1,1,0,1,72,1,0,0,0,0.00,0,1,1,1,1,1,11,88,529,2167,2798,1,911,1,1,0,1,0,0,0
106311000,SUTTER ROSEVILLE MEDICAL CENTER,1,19.07,1,1,1,16,1,328,1,0,2931,4953,1.69,0,1,1,1,1,1,1319,5750,4974,1009,13087,3,5233,2,1,2987,2,135,18,0
106314024,KAISER FND HOSP - ROSEVILLE,1,19.98,1,1,1,48,3,340,1,30,4695,9024,1.92,0,1,1,1,1,1,104,406,3419,3549,7480,2,3739,1,1,5469,3,444,107,1
106314029,TELECARE PLACER COUNTY PSYCHIATRIC HEALTH FACILITY,1,27.95,2,3,3,0,1,16,1,0,0,0,0.00,0,0,0,0,1,0,0,0,0,0,0,1,0,1,0,0,1,0,0,0
106320859,EASTERN PLUMAS HOSPITAL-PORTOLA CAMPUS,1,44.93,3,1,1,0,1,75,1,0,0,0,0.00,0,0,1,1,1,0,6,116,65,14,201,1,0,1,0,0,1,0,0,0
106320986,PLUMAS DISTRICT HOSPITAL,1,57.28,3,1,1,0,1,25,1,0,68,119,1.75,0,0,1,1,1,0,0,0,0,0,95,1,105,1,0,69,1,4,0,0
106321016,SENECA HEALTHCARE DISTRICT,1,63.56,4,1,1,0,1,26,1,0,0,0,0.00,0,0,1,0,1,0,1,12,92,26,131,1,3,1,0,0,1,0,0,0
106330120,"BETTY FORD CENTER AT EISENHOWER, THE",1,33.04,2,4,4,0,1,100,1,0,0,0,0.00,0,0,0,0,0,0,0,0,0,0,0,1,0,1,0,0,1,0,0,0
106331145,CORONA REGIONAL MEDICAL CENTER-MAGNOLIA,1,51.52,3,1,3,0,1,78,1,0,0,0,0.00,0,0,0,0,0,0,0,0,0,0,0,1,0,1,0,0,1,0,0,0
106331152,CORONA REGIONAL MEDICAL CENTER-MAIN,1,51.31,3,1,1,0,1,160,1,12,1046,1671,1.60,0,1,1,1,1,1,0,0,0,0,5319,2,1418,1,1,1053,1,6,4,1
106331164,DESERT REGIONAL MEDICAL CENTER,1,64.85,4,1,1,30,2,385,1,5,2954,5091,1.72,0,0,1,1,1,1,3,56,1117,9368,10546,3,4348,2,1,3277,2,206,56,0
106331168,EISENHOWER MEDICAL CENTER,1,44.56,3,1,1,0,1,476,2,0,0,0,0.00,0,0,1,1,1,1,21,94,351,12905,13381,3,8924,3,1,0,1,0,0,0
106331194,HEMET VALLEY MEDICAL CENTER,1,70.57,4,1,1,0,1,417,2,18,1324,2635,1.99,0,0,1,1,1,1,11,77,110,5864,6063,2,2443,1,1,1303,1,40,10,0
106331216,JOHN F KENNEDY MEMORIAL HOSPITAL,1,50.42,3,1,1,11,1,156,1,35,2224,3422,1.54,0,0,1,1,1,0,4,20,421,3538,3988,1,3049,1,1,2214,2,76,15,0
106331226,VISTA BEHAVIORAL HOSPITAL,1,54.81,3,2,3,0,1,68,1,0,0,0,0.00,0,0,0,0,1,0,0,0,0,0,0,1,0,1,0,0,1,0,0,0
106331288,PALO VERDE HOSPITAL,1,70.35,4,1,1,0,1,51,1,6,157,317,2.02,0,0,1,1,1,0,0,30,288,266,584,1,271,1,1,157,1,0,0,0
106331293,PARKVIEW COMMUNITY HOSPITAL MEDICAL CENTER,1,57.75,3,1,1,12,1,193,1,20,2168,3511,1.62,0,1,1,1,1,1,4,21,53,5410,5508,2,3116,1,1,2363,2,132,45,1
106331312,RIVERSIDE COMMUNITY HOSPITAL,1,70.57,4,1,1,20,1,373,1,21,3068,4878,1.59,0,0,1,1,1,1,3,13,41,14479,14538,3,4918,2,0,3482,2,180,32,1
106331326,SAN GORGONIO MEMORIAL HOSPITAL,1,65.37,4,1,1,0,1,71,1,10,405,711,1.76,0,0,1,1,1,1,1,3,720,1889,2613,1,744,1,0,405,1,9,0,0
106332172,KINDRED HOSPITAL RIVERSIDE,1,39.52,2,1,1,0,1,40,1,0,0,0,0.00,0,0,0,0,0,0,0,0,0,0,0,1,141,1,0,0,1,0,0,0
106334001,SOUTHWEST HEALTHCARE SYSTEM-WILDOMAR,1,29.50,2,1,1,0,1,132,1,0,0,0,0.00,0,0,1,1,1,1,0,5,71,5803,5879,2,2573,1,1,0,1,0,0,0
106334018,MENIFEE VALLEY MEDICAL CENTER,1,27.11,2,1,1,0,1,84,1,0,0,0,0.00,0,0,1,1,1,1,8,179,769,1409,2365,1,671,1,0,0,1,0,0,0
106334025,KAISER FND HOSP - RIVERSIDE,1,26.84,2,1,1,19,1,226,1,6,2762,4602,1.67,0,1,1,1,1,1,0,1523,2451,660,4635,1,3397,1,0,3033,2,179,22,1
106334048,KAISER FND HOSPITAL - MORENO VALLEY,1,25.78,2,1,1,0,1,101,1,12,1107,1694,1.53,0,1,1,1,1,1,0,510,1128,382,2021,1,867,1,0,1160,1,46,4,0
106334068,SOUTHWEST HEALTHCARE SYSTEM-MURRIETA,1,24.40,2,1,1,0,1,120,1,8,3284,5634,1.72,0,0,1,1,1,1,0,4,46,3459,3509,1,1479,1,1,3284,2,156,23,0
106334457,TELECARE RIVERSIDE COUNTY PSYCHIATRIC HEALTH FACILITY,1,20.68,2,3,3,0,1,16,1,0,0,0,0.00,0,0,0,0,0,0,0,0,0,0,0,1,0,1,0,0,1,0,0,0
106334487,RIVERSIDE COUNTY REGIONAL MEDICAL CENTER,1,18.28,1,1,1,32,2,439,2,35,1513,3386,2.24,1,1,1,1,1,1,2,15,201,10078,10302,3,3313,1,1,1808,1,99,15,0
106334564,TEMECULA VALLEY HOSPITAL,1,116.60,6,1,1,0,1,140,1,0,0,0,0.00,0,0,1,1,1,1,0,5,49,3565,3619,1,776,1,1,0,1,0,0,0
106334589,LOMA LINDA UNIVERSITY MEDICAL CENTER-MURRIETA,1,5.25,1,1,1,0,1,106,1,14,1176,2095,1.78,0,0,1,1,1,0,15,108,730,5465,6321,2,2917,1,0,1173,1,30,3,0
106340913,KAISER FND HOSP - SACRAMENTO,1,55.20,3,1,1,0,1,287,1,0,0,0,0.00,0,1,1,1,1,1,7,131,1912,3347,5399,2,3668,1,1,0,1,0,0,0
106340947,MERCY GENERAL HOSPITAL,1,70.57,4,1,1,0,1,432,2,2038,0,4369,0.00,0,1,1,1,1,1,3,20,169,6974,7169,2,4329,2,1,2023,2,82,13,1
106340950,MERCY SAN JUAN HOSPITAL,1,49.46,3,1,1,26,2,370,1,60,1886,3858,2.05,0,1,1,1,1,0,40,83,673,15886,16712,3,4860,2,1,2156,2,436,249,0
106340951,METHODIST HOSPITAL OF SACRAMENTO,1,42.74,3,1,1,12,1,329,1,30,1827,3524,1.93,0,1,1,1,1,0,3,16,193,6733,6946,2,2161,1,1,1942,1,150,47,0
106341006,UNIVERSITY OF CALIFORNIA DAVIS MEDICAL CENTER,1,62.91,4,1,1,49,3,619,2,10,1540,3343,2.17,0,1,1,1,1,1,54,2115,4001,10012,16244,3,11169,3,1,1770,1,219,50,0
106341051,SUTTER GENERAL HOSPITAL,1,29.08,2,1,1,0,1,298,1,0,0,0,0.00,0,1,1,1,1,1,12,115,1033,5768,6929,2,5063,2,1,0,1,0,0,0
106341052,SUTTER MEMORIAL HOSPITAL,0,70.57,4,1,1,55,3,348,1,44,5397,9029,1.67,0,1,1,1,1,1,6,39,557,3348,3951,1,3633,1,0,5397,3,601,181,0
106342344,KAISER FND HOSP - SOUTH SACRAMENTO,1,30.73,2,1,1,8,1,217,1,0,2237,4039,1.81,0,0,1,1,1,0,12,155,2386,5090,7647,2,3954,1,0,2506,2,120,14,0
106342392,SIERRA VISTA HOSPITAL,1,29.74,2,2,3,0,1,120,1,0,0,0,0.00,16,1,0,0,0,0,0,0,0,0,0,1,0,1,0,0,1,0,0,0
106344011,SACRAMENTO MENTAL HEALTH TREATMENT CENTER,1,28.46,2,3,3,0,1,50,1,0,0,0,0.00,0,0,0,0,0,0,0,0,0,0,0,1,0,1,0,0,1,0,0,0
106344017,SUTTER CENTER FOR PSYCHIATRY,1,28.06,2,2,3,0,1,73,1,0,0,0,0.00,4,0,0,0,0,0,0,0,0,0,0,1,0,1,0,0,1,0,0,0
106344021,HERITAGE OAKS HOSPITAL,1,27.58,2,2,3,0,1,125,1,0,0,0,0.00,9,0,0,0,0,0,0,0,0,0,0,1,0,1,0,0,1,0,0,0
106344029,MERCY HOSPITAL - FOLSOM,1,27.08,2,1,1,0,1,106,1,8,947,1996,2.11,0,1,1,1,1,1,2,21,296,4836,5157,2,1671,1,1,947,1,35,2,0
106344035,VIBRA HOSPITAL OF SACRAMENTO,1,54.42,3,1,1,0,1,58,1,0,0,0,0.00,0,0,0,0,0,0,0,0,0,0,0,1,76,1,0,0,1,0,0,0
106344114,SHRINERS HOSPITALS FOR CHILDREN NORTHERN CALIF.,1,19.26,1,1,5,0,1,80,1,0,0,0,0.00,0,0,0,0,0,0,0,0,0,0,0,1,1189,1,1,0,1,0,0,0
106344170,CRESTWOOD PSYCHIATRIC HEALTH FACILITY-CARMICHAEL,1,6.38,1,3,3,0,1,16,1,0,0,0,0.00,0,0,0,0,0,0,0,0,0,0,0,1,0,1,0,0,1,0,0,0
106344188,CRESTWOOD PSYCHIATRIC HEALTH FACILITY-SACRAMENTO,1,116.60,6,3,3,0,1,16,1,0,0,0,0.00,0,0,0,0,0,0,0,0,0,0,0,1,0,1,0,0,1,0,0,0
106350784,HAZEL HAWKINS MEMORIAL HOSPITAL,1,54.07,3,1,1,0,1,119,1,13,423,904,2.14,0,1,1,1,1,0,62,369,628,410,1469,1,620,1,1,426,1,2,0,1
106361110,BEAR VALLEY COMMUNITY HOSPITAL,1,42.04,3,1,1,0,1,30,1,0,0,0,0.00,0,0,1,1,1,0,0,0,2,158,160,1,4,1,0,0,1,0,0,0
106361144,CHINO VALLEY MEDICAL CENTER,1,43.80,3,1,1,0,1,126,1,0,0,0,0.00,0,0,1,1,1,1,0,0,0,4656,4656,1,896,1,0,0,1,0,0,0
106361166,MONTCLAIR HOSPITAL MEDICAL CENTER,1,43.95,3,1,1,0,1,102,1,0,1007,2293,2.28,0,0,1,1,1,1,0,405,1689,250,2344,1,820,1,0,1005,1,25,4,0
106361223,KAISER FND HOSP - FONTANA,1,61.90,4,1,1,28,2,440,2,0,3511,6409,1.83,0,0,1,1,1,1,1,3111,4610,1551,9274,2,6066,2,1,3785,2,329,75,0
106361245,LOMA LINDA UNIV. MED. CENTER EAST CAMPUS HOSPITAL,1,43.83,3,1,1,0,1,134,1,0,0,0,0.00,0,0,1,0,1,0,0,0,0,0,0,1,1263,1,1,0,1,0,0,0
106361246,LOMA LINDA UNIVERSITY MEDICAL CENTER,1,70.57,4,1,1,0,1,371,1,11,2081,4379,2.10,0,1,1,1,1,1,15,1606,152,7247,9038,2,15728,3,1,2675,2,305,86,1
106361266,MOUNTAINS COMMUNITY HOSPITAL,1,64.79,4,1,1,0,1,37,1,0,0,0,0.00,0,0,0,1,1,0,0,0,0,232,232,1,95,1,0,0,1,0,0,0
106361274,KINDRED HOSPITAL ONTARIO,1,65.17,4,1,8,0,1,91,1,0,0,0,0.00,0,0,1,1,1,0,0,0,0,0,0,1,437,1,0,0,1,0,0,0
106361308,REDLANDS COMMUNITY HOSPITAL,1,70.57,4,1,1,17,1,229,1,0,2380,4720,1.98,0,1,1,1,1,1,28,110,3319,2143,5600,2,3278,1,1,2647,2,53,23,0
106361318,SAN ANTONIO COMMUNITY HOSPITAL,1,70.57,4,1,1,20,1,271,1,28,1954,3975,2.03,0,1,1,1,1,0,13,141,110,9145,9419,2,4220,2,1,2253,2,130,30,1
106361323,COMMUNITY HOSPITAL OF SAN BERNARDINO,1,58.26,3,1,1,9,1,347,1,0,1863,3750,2.01,0,1,1,1,1,1,6,43,2223,3781,6063,2,1220,1,1,2107,2,126,22,0
106361339,ST. BERNARDINE MEDICAL CENTER,1,70.57,4,1,1,20,1,427,2,33,1756,3456,1.97,0,1,1,1,1,0,18,196,2739,3979,6938,2,13100,3,1,2002,2,197,24,0
106361343,ST. MARY MEDICAL CENTER - APPLE VALLEY,1,59.68,3,1,1,8,1,212,1,16,1993,3334,1.67,0,1,1,1,1,0,7,144,8969,834,9961,2,3556,1,1,2416,2,180,48,0
106361370,VICTOR VALLEY GLOBAL MEDICAL CENTER,1,51.69,3,1,1,2,1,101,1,13,1195,2228,1.86,0,0,1,1,1,1,63,1182,411,85,1742,1,2098,1,1,1248,1,97,12,0
106361458,COLORADO RIVER MEDICAL CENTER,1,63.95,4,1,1,0,1,25,1,0,0,0,0.00,0,0,1,1,1,0,0,0,0,0,566,1,58,1,1,0,1,0,0,0
106361768,PATTON STATE HOSPITAL,1,40.81,3,2,3,0,1,1287,3,0,0,0,0.00,0,0,0,0,1,0,0,0,0,0,0,1,0,1,0,0,1,0,0,0
106362041,HI-DESERT MEDICAL CENTER,1,45.11,3,1,1,0,1,179,1,7,455,507,1.11,0,0,1,1,1,1,6,82,440,1973,2503,1,487,1,1,455,1,10,0,1
106364014,LOMA LINDA UNIVERSITY BEHAVIORAL MEDICINE CENTER,1,28.50,2,2,3,0,1,89,1,0,0,0,0.00,17,0,0,0,0,0,0,0,0,0,0,1,0,1,0,0,1,0,0,0
106364050,CANYON RIDGE HOSPITAL,1,26.51,2,2,3,0,1,106,1,0,0,0,0.00,14,0,0,0,0,0,0,0,0,0,0,1,0,1,0,0,1,0,0,0
106364121,BALLARD REHABILITATION HOSPITAL,1,23.00,2,1,6,0,1,60,1,0,0,0,0.00,0,0,0,0,0,0,0,0,0,0,0,1,0,1,0,0,1,0,0,0
106364144,DESERT VALLEY HOSPITAL,1,21.87,2,1,1,0,1,148,1,0,0,0,0.00,0,0,1,1,1,0,0,0,0,8388,8388,2,1500,1,0,938,1,46,5,0
106364188,KINDRED HOSPITAL RANCHO,1,20.10,2,1,1,0,1,55,1,0,0,0,0.00,0,0,1,1,1,0,0,0,0,0,0,1,258,1,0,0,1,0,0,0
106364231,ARROWHEAD REGIONAL MEDICAL CENTER,1,17.29,1,1,1,30,2,456,2,30,2238,4900,2.19,0,1,1,1,1,1,117,1034,5199,10390,16845,3,7415,2,0,2686,2,235,36,0
106364265,KAISER ONTARIO MEDICAL CENTER CAMPUS,1,116.60,6,1,1,8,1,176,1,0,1984,3267,1.65,0,0,1,1,1,1,0,1169,2338,1059,4567,1,1887,1,1,2169,2,151,24,0
106364268,LOMA LINDA UNIVERSITY HEART AND SURGICAL HOSPITAL,1,7.52,1,1,1,0,1,28,1,0,0,0,0.00,0,0,0,0,0,0,0,0,0,0,0,1,1106,1,1,0,1,0,0,0
106364430,BARSTOW COMMUNITY HOSPITAL,1,116.60,6,1,1,0,1,30,1,6,373,563,1.51,0,0,1,1,1,0,1,350,1354,54,1761,1,651,1,1,373,1,19,3,0
106364451,TOTALLY KIDS REHABILITATION HOSPITAL,1,116.60,6,1,2,0,1,81,1,0,0,0,0.00,0,0,0,0,1,0,0,0,0,0,0,1,0,1,0,0,1,0,0,0
106364502,LOMA LINDA UNIVERSITY CHILDRENS HOSPITAL,1,116.60,6,1,1,84,5,343,1,1,297,626,2.11,0,0,1,1,1,1,8,1559,112,2802,4490,1,557,1,1,383,1,44,12,0
106370652,ALVARADO HOSPITAL MEDICAL CENTER,1,43.94,3,1,1,0,1,226,1,0,0,0,0.00,0,0,1,1,1,1,3,13,23,4715,4755,1,1752,1,0,0,1,0,0,0
106370658,SCRIPPS MERCY HOSPITAL - CHULA VISTA,1,52.54,3,1,1,10,1,183,1,30,1531,2709,1.77,0,1,1,1,1,1,28,1442,4843,1329,7645,2,2012,1,1,1772,1,86,17,1
106370673,RADY CHILDRENS HOSPITAL - SAN DIEGO,1,61.93,4,1,5,116,6,520,2,0,0,0,0.00,11,0,1,1,1,1,72,77,35,7198,7405,2,6351,2,1,0,1,0,0,0
106370689,SHARP CORONADO HOSPITAL AND HEALTHCARE CENTER,1,70.57,4,1,2,0,1,181,1,0,0,0,0.00,0,0,1,1,1,1,2,17,207,750,976,1,1346,1,1,0,1,0,0,0
106370694,SHARP MEMORIAL HOSPITAL,1,41.72,3,1,1,0,1,656,2,0,0,0,0.00,0,1,1,1,1,1,5,119,2489,10789,13412,3,7332,2,1,0,1,0,0,1
106370695,SHARP MARY BIRCH HOSPITAL FOR WOMEN AND NEWBORNS,1,18.04,1,1,1,84,5,206,1,40,8565,18275,2.13,0,0,0,0,0,0,0,0,0,0,0,1,4511,2,0,9658,4,912,216,0
106370714,GROSSMONT HOSPITAL,1,60.96,4,1,1,24,2,536,2,24,3507,7119,2.03,0,1,1,1,1,1,5,69,2995,17381,20465,3,6836,2,1,3904,2,197,27,1
106370721,KINDRED HOSPITAL - SAN DIEGO,1,70.57,4,1,8,0,1,70,1,0,0,0,0.00,0,0,0,0,0,0,0,0,0,0,0,1,134,1,0,0,1,0,0,0
106370730,KAISER FND HOSP - SAN DIEGO,1,40.67,3,1,1,30,2,414,2,16,3983,7925,1.99,0,1,1,1,1,1,0,4558,5814,2450,12826,3,7156,2,1,4400,3,328,70,1
106370744,SCRIPPS MERCY HOSPITAL,1,70.57,4,1,1,19,1,501,2,40,1597,3171,1.99,0,1,1,1,1,1,52,2161,8127,3557,13907,3,6219,2,1,1960,1,99,4,1
106370745,SHARP MESA VISTA HOSPITAL,1,53.89,3,2,3,0,1,149,1,0,0,0,0.00,7,0,0,0,0,0,0,0,0,0,0,1,0,1,0,0,1,0,0,0
106370749,ALVARADO PARKWAY INSTITUTE B.H.S.,1,56.81,3,2,3,0,1,66,1,0,0,0,0.00,0,0,0,0,0,0,0,0,0,0,0,1,0,1,0,0,1,0,0,0
106370755,PALOMAR HEALTH DOWNTOWN CAMPUS,1,65.98,4,1,1,0,1,294,1,30,3276,5340,1.63,0,0,0,0,1,0,0,1,7,14,23,1,1214,1,1,3252,2,259,132,0
106370759,PARADISE VALLEY HOSPITAL,1,50.32,3,1,1,0,1,291,1,35,1241,2142,1.73,0,0,1,1,1,1,10,40,78,5784,5979,2,506,1,0,1241,1,38,3,1
106370771,SCRIPPS MEMORIAL HOSPITAL - LA JOLLA,1,52.22,3,1,1,0,1,318,1,0,3914,8082,2.06,0,1,1,1,1,1,15,2412,3381,1765,7574,2,5133,2,1,3801,2,210,20,0
106370780,TRI-CITY MEDICAL CENTER,1,55.03,3,1,1,20,1,397,1,48,2135,4905,2.30,0,0,1,1,1,1,24,196,1549,8280,10062,3,3794,1,1,2615,2,127,20,1
106370782,UNIVERSITY OF CALIF-SAN DIEGO MEDICAL CENTER,1,63.07,4,1,1,49,3,390,1,3,2004,4752,2.37,0,1,1,1,1,1,4,24,905,6453,7388,2,4821,2,1,2504,2,303,102,0
106370787,PROMISE HOSPITAL OF SAN DIEGO,1,51.39,3,1,1,0,1,100,1,0,0,0,0.00,0,0,1,1,1,0,0,0,0,0,0,1,300,1,1,0,1,0,0,0
106370875,SHARP CHULA VISTA MEDICAL CENTER,1,41.15,3,1,1,9,1,343,1,21,2550,4416,1.73,0,0,1,1,1,1,1,33,1517,8530,10081,3,2870,1,1,2678,2,161,19,0
106370977,POMERADO HOSPITAL,1,39.07,2,1,1,4,1,236,1,19,1384,2565,1.85,0,0,1,1,1,0,2,11,167,2455,2801,1,1251,1,1,1431,1,17,2,0
106371256,SCRIPPS GREEN HOSPITAL,1,39.45,2,1,1,0,1,173,1,0,0,0,0.00,0,0,0,0,0,0,0,0,0,0,0,1,5426,2,0,0,1,0,0,0
106371394,SCRIPPS MEMORIAL HOSPITAL - ENCINITAS,1,52.10,3,1,1,0,1,194,1,3,2145,3780,1.76,0,1,1,1,1,0,10,1207,4443,700,6361,2,2414,1,0,2103,2,100,6,1
106374024,AURORA SAN DIEGO,1,28.16,2,2,3,0,1,80,1,0,0,0,0.00,16,0,0,0,0,0,0,0,0,0,0,1,0,1,0,0,1,0,0,0
106374049,SHARP MCDONALD CENTER,1,26.99,2,4,4,0,1,16,1,0,0,0,0.00,0,0,0,0,0,0,0,0,0,0,0,1,0,1,0,0,1,0,0,0
106374055,SAN DIEGO COUNTY PSYCHIATRIC HOSPITAL,1,26.98,2,2,3,0,1,301,1,0,0,0,0.00,0,0,0,0,1,1,0,0,0,0,0,1,0,1,0,0,1,0,0,0
106374063,ALVARADO HOSPITAL MEDICAL CENTER,1,26.11,2,1,6,0,1,80,1,0,0,0,0.00,0,0,1,1,1,1,0,0,0,0,0,1,0,1,0,0,1,0,0,0
106374094,VIBRA HOSPITAL OF SAN DIEGO,1,24.25,2,1,1,0,1,110,1,0,0,0,0.00,0,0,0,0,0,0,0,0,0,0,0,1,0,1,0,0,1,0,0,0
106374141,"UCSD-La Jolla, John M/Sally B Thornton Hosp AND Sulpizo Cardiovascular Center",1,22.99,2,1,1,0,1,173,1,0,0,0,0.00,0,1,1,1,1,1,4,26,741,4181,4952,1,4696,2,1,0,1,0,0,0
106374382,PALOMAR MEDICAL CENTER,1,116.60,6,1,1,0,1,288,1,0,0,0,0.00,0,0,1,1,1,1,0,35,932,8407,9376,2,5575,2,1,0,1,0,0,0
106380777,CALIFORNIA PACIFIC MED CTR-CALIFORNIA WEST,1,70.57,4,1,1,36,2,299,1,0,4571,11496,2.51,0,1,1,1,1,1,1,6,166,435,608,1,2529,1,1,4973,3,375,59,0
106380826,CALIFORNIA PACIFIC MED CTR-CALIFORNIA EAST,1,70.57,4,1,1,0,1,95,1,0,0,0,0.00,0,1,0,0,0,0,0,0,0,0,0,1,0,1,0,0,1,0,0,0
106380842,JEWISH HOME,1,29.21,2,2,3,0,1,491,2,0,0,0,0.00,0,0,0,0,0,0,0,0,0,0,0,1,0,1,0,0,1,0,0,0
106380857,KAISER FND HOSP - SAN FRANCISCO,1,62.44,4,1,1,22,2,247,1,22,2683,5301,1.98,0,1,1,1,1,1,18,309,2438,1625,4391,1,3546,1,1,2956,2,298,50,0
106380865,LAGUNA HONDA HOSPITAL AND REHABILITATION CENTER,1,63.07,4,1,2,0,1,780,2,0,0,0,0.00,0,1,0,0,0,0,0,0,0,0,0,1,0,1,0,0,1,0,0,0
106380868,LANGLEY PORTER PSYCHIATRIC INSTITUTE,1,73.57,4,2,3,0,1,67,1,0,0,0,0.00,0,0,0,0,0,0,0,0,0,0,0,1,0,1,0,0,1,0,0,0
106380895,UCSF MEDICAL CENTER AT MOUNT ZION,1,70.57,4,1,1,0,1,140,1,0,0,0,0.00,0,1,0,0,0,0,0,0,0,0,0,1,1891,1,1,0,1,0,0,0
106380929,CALIFORNIA PACIFIC MED CTR-PACIFIC CAMPUS,1,43.30,3,1,1,0,1,309,1,0,0,0,0.00,0,1,1,1,1,1,3,47,850,6590,7490,2,4222,2,1,0,1,0,0,1
106380933,CALIFORNIA PACIFIC MED CTR-DAVIES CAMPUS,1,70.57,4,1,1,0,1,227,1,0,0,0,0.00,0,1,1,1,1,1,2,9,439,1240,1691,1,1673,1,1,0,1,0,0,0
106380939,SAN FRANCISCO GENERAL HOSPITAL,1,63.07,4,1,1,12,1,539,2,0,975,2089,2.14,0,1,1,1,1,1,0,0,0,0,15159,3,3779,1,1,1197,1,103,19,0
106380960,ST. FRANCIS MEMORIAL HOSPITAL,1,70.57,4,1,1,0,1,288,1,0,0,0,0.00,0,1,1,1,1,1,2,20,99,3370,3493,1,1638,1,1,0,1,0,0,0
106380964,CALIFORNIA PACIFIC MEDICAL CENTER - ST. LUKES CAMPUS,1,70.57,4,1,1,8,1,228,1,0,822,1998,2.43,0,1,1,1,1,1,0,18,313,1684,2015,1,788,1,1,954,1,30,1,0
106380965,"ST. MARYS MEDICAL CENTER, SAN FRANCISCO",1,70.57,4,1,1,0,1,403,2,0,0,0,0.00,5,1,1,1,1,1,3,25,560,1649,2237,1,1472,1,0,0,1,0,0,0
106381154,UCSF MEDICAL CENTER,1,99.59,5,1,1,51,3,580,2,26,1782,4186,2.35,0,1,1,1,1,1,1,32,65,9199,9297,2,11161,3,1,2287,2,281,79,1
106382715,CHINESE HOSPITAL,1,70.57,4,1,1,0,1,54,1,0,0,0,0.00,0,0,1,1,1,1,346,548,218,130,1438,1,443,1,1,0,1,0,0,0
106384200,UCSF MEDICAL CENTER AT MISSION BAY,1,116.60,6,1,0,58,3,289,1,0,0,0,0.00,0,0,0,0,0,0,0,0,0,0,0,1,0,1,0,0,1,0,0,0
106390846,DAMERON HOSPITAL,1,70.57,4,1,1,16,1,202,1,24,1155,2013,1.74,0,0,1,1,1,0,4,35,944,3489,4476,1,1975,1,0,1155,1,132,53,0
106390922,LODI MEMORIAL HOSPITAL - WEST,0,49.09,3,1,1,0,1,24,1,0,0,0,0.00,0,0,0,0,0,0,0,0,0,0,0,1,0,1,0,0,1,0,0,0
106390923,LODI MEMORIAL HOSPITAL,1,64.31,4,1,1,0,1,190,1,15,1051,1754,1.67,0,1,1,1,1,1,4,47,133,5382,5567,2,1482,1,0,1048,1,35,3,0
106391010,SAN JOAQUIN GENERAL HOSPITAL,1,63.07,4,1,1,25,2,196,1,16,1460,3076,2.11,0,1,1,1,1,1,151,370,1086,3836,5443,2,3125,1,0,2052,2,150,28,0
106391042,ST. JOSEPHS MEDICAL CENTER OF STOCKTON,1,70.33,4,1,1,22,2,366,1,27,2174,4892,2.25,0,1,1,1,1,1,57,3471,5053,1434,10023,3,3244,1,1,2497,2,157,21,1
106391056,SUTTER TRACY COMMUNITY HOSPITAL,1,68.07,4,1,1,0,1,81,1,8,696,1395,2.00,0,0,1,1,1,0,5,41,467,2344,2857,1,978,1,1,700,1,24,6,0
106392232,ST. JOSEPHS BEHAVIORAL HEALTH CENTER,1,59.07,3,2,3,0,1,35,1,0,0,0,0.00,0,0,0,0,0,0,0,0,0,0,0,1,0,1,0,0,1,0,0,0
106392287,DOCTORS HOSPITAL OF MANTECA,1,54.40,3,1,1,0,1,73,1,6,698,1346,1.93,0,0,1,1,1,1,1,22,531,2052,2609,1,1000,1,1,698,1,27,2,0
106394003,SAN JOAQUIN COUNTY P.H.F.,1,28.46,2,3,3,0,1,16,1,0,0,0,0.00,0,0,0,0,0,0,0,0,0,0,0,1,0,1,0,0,1,0,0,0
106394009,KAISER FND HOSP-MANTECA,1,25.87,2,1,1,0,1,99,1,0,0,0,0.00,0,1,1,1,1,1,0,13,318,548,880,1,376,1,1,0,1,0,0,0
106400466,"MARIAN REGIONAL MEDICAL CENTER, ARROYO GRANDE",1,54.27,3,1,1,0,1,67,1,0,0,0,0.00,0,0,1,1,1,1,9,34,587,1139,1769,1,717,1,1,0,1,0,0,1
106400480,FRENCH HOSPITAL MEDICAL CENTER,1,43.81,3,1,1,0,1,103,1,8,475,1089,2.29,0,0,1,1,1,1,0,33,453,1652,2138,1,1397,1,1,475,1,6,0,1
106400524,SIERRA VISTA REGIONAL MEDICAL CENTER,1,56.63,3,1,1,22,2,164,1,22,1122,2474,2.20,0,0,1,1,1,1,0,11,340,2042,2397,1,1535,1,1,1247,1,99,26,0
106400548,TWIN CITIES COMMUNITY HOSPITAL,1,39.44,2,1,1,0,1,122,1,12,667,1485,2.23,0,0,1,1,1,1,3,21,518,2568,3112,1,1366,1,1,662,1,22,3,0
106400683,ATASCADERO STATE HOSPITAL,1,62.11,4,2,3,0,1,1275,3,0,0,0,0.00,0,0,0,0,1,1,0,0,0,0,0,1,0,1,0,0,1,0,0,0
106404046,SAN LUIS OBISPO CO PSYCHIATRIC HEALTH FACILITY,1,13.26,1,3,3,0,1,16,1,0,0,0,0.00,0,0,0,0,0,0,0,0,0,0,0,1,0,1,0,0,1,0,0,0
106410742,MILLS  HEALTH CENTER,0,70.57,4,1,1,0,1,60,1,0,0,0,0.00,4,0,0,0,0,0,0,0,0,0,0,1,177,1,1,0,1,0,0,0
106410782,SAN MATEO MEDICAL CENTER,1,63.07,4,1,1,0,1,509,2,0,0,0,0.00,0,1,1,1,1,1,18,163,1228,1432,2847,1,946,1,1,0,1,0,0,1
106410804,KAISER FND HOSP - REDWOOD CITY,0,48.01,3,1,1,4,1,213,1,24,4695,9024,1.92,0,1,1,1,1,1,5,98,1251,1634,2988,1,2577,1,1,1549,1,52,5,0
106410806,KAISER FND HOSP - SOUTH SAN FRANCISCO,1,42.05,3,1,1,0,1,120,1,0,0,0,0.00,0,1,1,1,1,1,5,114,1999,1509,3630,1,1664,1,1,0,1,0,0,0
106410817,SETON MEDICAL CENTER,1,50.61,3,1,1,3,1,357,1,14,547,1353,2.47,0,0,1,1,1,0,0,0,645,4773,5418,2,1619,1,1,544,1,27,1,0
106410828,SETON COASTSIDE,1,45.55,3,1,2,0,1,121,1,0,0,0,0.00,0,0,0,0,1,0,0,0,0,0,0,1,0,1,0,0,1,0,0,0
106410852,MILLS-PENINSULA MEDICAL CENTER,1,62.40,4,1,1,12,1,241,1,0,2060,4640,2.25,0,1,1,1,1,1,178,1172,5254,936,8321,2,3144,1,1,2060,2,117,5,0
106410891,SEQUOIA HOSPITAL,1,65.77,4,1,1,0,1,208,1,21,1673,3838,2.29,0,1,1,1,1,0,5,28,518,1738,2289,1,1525,1,1,1669,1,65,2,1
106414018,MENLO PARK SURGICAL HOSPITAL,1,23.58,2,1,1,0,1,16,1,0,0,0,0.00,0,0,0,0,0,0,0,0,0,0,0,1,192,1,1,0,1,0,0,0
106414139,KAISER FND HOSP - REDWOOD CITY,1,116.60,6,1,0,4,1,149,1,0,0,0,0.00,0,0,0,0,0,0,0,0,0,0,0,1,0,1,0,0,1,0,0,0
106420483,GOLETA VALLEY COTTAGE HOSPITAL,1,52.02,3,1,1,0,1,122,1,0,0,0,0.00,0,0,1,1,1,1,0,3,114,487,604,1,1015,1,1,0,1,0,0,0
106420491,LOMPOC VALLEY MEDICAL CENTER,1,70.57,4,1,1,0,1,170,1,0,434,943,2.17,0,0,1,1,1,0,1,8,28,849,886,1,756,1,0,442,1,0,0,0
106420493,MARIAN REGIONAL MEDICAL CENTER,1,49.37,3,1,1,29,2,435,2,28,2768,5813,2.10,0,0,1,1,1,1,6,86,1342,4297,5732,2,2590,1,1,3180,2,127,62,1
106420514,SANTA BARBARA COTTAGE HOSPITAL,1,70.57,4,1,1,22,2,412,2,34,2187,5467,2.50,0,1,1,1,1,1,6,82,1270,7965,9325,2,5039,2,1,2398,2,160,19,1
106420522,SANTA YNEZ VALLEY COTTAGE HOSPITAL,1,51.72,3,1,1,0,1,11,1,0,0,0,0.00,0,0,0,0,1,1,0,0,30,151,181,1,0,1,1,0,1,0,0,0
106424002,SANTA BARBARA PSYCHIATRIC HEALTH FACILITY,1,28.46,2,3,3,0,1,16,1,0,0,0,0.00,0,0,0,0,0,0,0,0,0,0,0,1,0,1,0,0,1,0,0,0
106424047,COTTAGE REHABILITATION HOSPITAL,1,15.48,1,1,6,0,1,38,1,0,0,0,0.00,0,0,0,0,0,0,0,0,0,0,0,1,0,1,0,0,1,0,0,0
106424102,THE CHAMPION CENTER,1,116.60,6,4,0,0,1,34,1,0,0,0,0.00,0,0,0,0,0,0,0,0,0,0,0,1,0,1,0,0,1,0,0,0
106430705,REGIONAL MEDICAL OF SAN JOSE,1,51.02,3,1,1,6,1,249,1,20,483,1060,2.19,0,1,1,1,1,1,21,89,154,9757,10029,3,2744,1,1,511,1,23,3,1
106430743,EL CAMINO HOSPITAL LOS GATOS,1,53.60,3,1,1,2,1,143,1,8,739,1490,2.02,0,0,1,1,1,0,4,14,126,901,1045,1,1077,1,1,775,1,17,2,0
106430763,EL CAMINO HOSPITAL,1,54.93,3,1,1,20,1,300,1,44,4204,10404,2.47,0,1,1,1,1,0,13,41,565,5878,6499,2,3376,1,1,4461,3,261,46,0
106430779,GOOD SAMARITAN HOSPITAL-SAN JOSE,1,50.83,3,1,1,51,3,404,2,29,3182,7926,2.49,0,0,0,0,1,0,250,5132,2978,147,8512,2,4297,2,0,3539,2,399,79,1
106430837,OCONNOR HOSPITAL,1,62.51,4,1,1,10,1,358,1,10,3004,7473,2.49,0,1,1,1,1,1,6,151,3245,2422,5825,2,2736,1,1,3004,2,153,16,0
106430883,SANTA CLARA VALLEY MEDICAL CENTER,1,63.56,4,1,1,40,2,574,2,0,3142,7201,2.29,0,1,1,1,1,1,16,158,3666,8309,12155,3,4432,2,1,3369,2,228,39,1
106430905,STANFORD HOSPITAL,1,68.57,4,1,1,0,1,613,2,0,0,0,0.00,0,1,1,1,1,1,22,4417,6399,391,11229,3,15499,3,1,0,1,0,0,1
106430915,MISSION OAKS HOSPITAL,1,55.21,3,1,1,0,1,70,1,0,0,0,0.00,0,0,0,0,0,0,0,0,0,0,0,1,0,1,0,0,1,0,0,0
106431506,KAISER FND HOSP - SAN JOSE,1,42.63,3,1,1,12,1,242,1,32,2039,3395,1.67,0,1,1,1,1,0,8,60,1549,4215,5833,2,3196,1,1,2202,2,117,9,0
106434040,LUCILE SALTER PACKARD CHILDRENS HOSP. AT STANFORD,1,25.10,2,1,5,80,4,302,1,64,3743,8702,2.32,0,0,0,0,0,0,0,0,0,0,0,1,2458,1,1,3945,2,439,91,1
106434051,CHILDRENS RECOVERY CENTER OF NORTHERN CALIFORNIA,1,24.13,2,1,2,0,1,31,1,0,0,0,0.00,0,0,0,0,0,0,0,0,0,0,0,1,0,1,0,0,1,0,0,0
106434138,ST. LOUISE REGIONAL HOSPITAL,1,16.79,1,1,1,0,1,93,1,20,531,1060,2.00,0,0,1,1,1,0,14,766,1430,52,2389,1,862,1,0,559,1,16,2,0
106434153,KAISER FND HOSP - SANTA CLARA,1,8.97,1,1,1,26,2,327,1,28,4140,7866,1.90,0,1,1,1,1,0,25,106,2381,5489,8002,2,4703,2,1,4482,3,366,60,0
106434218,KAISER PERMANENTE P.H.F - SANTA CLARA,1,5.69,1,3,3,0,1,24,1,0,0,0,0.00,0,0,0,0,0,0,0,0,0,0,0,1,0,1,0,0,1,0,0,0
106434220,CRESTWOOD PSYCHIATRIC HEALTH FACILITY-SAN JOSE,1,5.36,1,3,3,0,1,16,1,0,0,0,0.00,0,0,0,0,0,0,0,0,0,0,0,1,0,1,0,0,1,0,0,0
106440755,DOMINICAN HOSPITAL,1,48.57,3,1,1,14,1,223,1,25,667,1468,2.20,0,1,1,1,1,1,8,62,1082,6968,8120,2,2890,1,1,813,1,67,11,0
106444012,SUTTER MATERNITY AND SURGERY CENTER OF SANTA CRUZ,1,20.35,2,1,1,0,1,30,1,12,1019,2151,2.11,0,0,0,0,0,0,0,0,0,0,0,1,397,1,1,1035,1,9,0,0
106444013,WATSONVILLE COMMUNITY HOSPITAL,1,18.22,1,1,1,10,1,106,1,28,1138,2879,2.53,0,0,1,1,1,1,0,5,145,2393,2543,1,1617,1,1,1263,1,49,2,0
106444029,TELECARE SANTA CRUZ PHF,1,116.60,6,3,3,0,1,16,1,0,0,0,0.00,0,0,0,0,0,0,0,0,0,0,0,1,0,1,0,0,1,0,0,0
106450936,MAYERS MEMORIAL HOSPITAL,1,57.54,3,1,1,0,1,121,1,4,59,95,1.61,0,0,1,1,1,0,3,33,72,86,194,1,28,1,0,59,1,1,0,0
106450940,SHASTA REGIONAL MEDICAL CENTER,1,70.32,4,1,1,0,1,246,1,0,0,0,0.00,0,0,1,1,1,1,0,8,35,5691,5736,2,1805,1,0,0,1,0,0,1
106450949,MERCY MEDICAL CENTER - REDDING,1,63.29,4,1,1,16,1,267,1,16,1794,3335,1.86,0,1,1,1,1,1,4,60,994,6050,7108,2,3887,1,0,1965,1,101,0,1
106454012,VIBRA HOSPITAL OF NORTHERN CALIFORNIA,1,24.85,2,1,8,0,1,88,1,0,0,0,0.00,0,0,0,0,1,0,0,0,0,0,0,1,0,1,0,0,1,0,0,0
106454013,PATIENTS HOSPITAL OF REDDING,1,24.31,2,1,1,0,1,10,1,0,0,0,0.00,0,0,1,1,1,0,0,0,0,0,0,1,266,1,0,0,1,0,0,0
106454068,RESTPADD PSYCHIATRIC HEALTH FACILITY,1,116.60,6,3,3,0,1,16,1,0,0,0,0.00,0,0,0,0,0,0,0,0,0,0,0,1,0,1,0,0,1,0,0,0
106470871,MERCY MEDICAL CENTER MT. SHASTA,1,40.27,3,1,1,0,1,33,1,4,137,256,1.87,0,0,1,1,1,0,0,0,71,481,552,1,421,1,1,135,1,4,0,0
106474007,FAIRCHILD MEDICAL CENTER,1,19.01,1,1,1,0,1,28,1,0,176,370,2.10,0,0,1,1,1,0,0,0,0,0,1174,1,429,1,0,184,1,2,1,0
106480989,KAISER FND HOSP - REHABILITATION CENTER VALLEJO,1,43.33,3,1,1,16,1,248,1,22,1379,2277,1.65,0,1,1,1,1,1,2,112,1884,2736,4741,1,2361,1,0,1551,1,107,21,0
106481015,ST. HELENA HOSPITAL CENTER FOR BEHAVIORAL HEALTH,1,53.10,3,2,3,0,1,61,1,0,0,0,0.00,13,0,0,0,0,0,0,0,0,0,0,1,0,1,0,0,1,0,0,0
106481094,SUTTER SOLANO MEDICAL CENTER,1,70.57,4,1,1,0,1,102,1,12,561,997,1.78,0,1,1,1,1,0,7,29,328,2454,2818,1,1088,1,1,561,1,20,3,0
106481357,NORTH BAY MEDICAL CENTER,1,56.62,3,1,1,16,1,132,1,11,1194,2204,1.85,0,1,1,1,1,0,0,20,294,4506,4820,1,1258,1,1,1339,1,70,14,0
106484001,NORTH BAY VACAVALLEY HOSPITAL,1,29.04,2,1,1,0,1,50,1,0,0,0,0.00,0,1,1,1,1,0,0,12,161,1966,2139,1,538,1,1,0,1,0,0,0
106484044,KAISER FOUNDATION HOSPITAL - VACAVILLE,1,6.82,1,1,1,0,1,140,1,20,1102,1664,1.51,0,1,1,1,1,1,1,130,1436,1851,3419,1,1694,1,1,1112,1,38,10,0
106484062,CRESTWOOD SOLANO PSYCHIATRIC HEALTH FACILITY,1,116.60,6,3,3,0,1,16,1,0,0,0,0.00,0,0,0,0,0,0,0,0,0,0,0,1,0,1,0,0,1,0,0,0
106490907,SANTA ROSA MEMORIAL HOSPITAL-SOTOYOME,1,54.47,3,1,8,0,1,60,1,0,0,0,0.00,0,0,0,0,0,0,0,0,0,0,0,1,0,1,0,0,1,0,0,0
106490919,SUTTER MEDICAL CENTER OF SANTA ROSA,0,63.07,4,1,1,10,1,135,1,10,1238,2266,1.83,0,1,1,1,1,1,0,14,273,2059,2346,1,1024,1,1,1347,1,81,14,0
106490964,HEALDSBURG DISTRICT HOSPITAL,1,44.53,3,1,1,0,1,43,1,0,0,0,0.00,0,0,1,1,1,1,2,6,89,665,763,1,195,1,1,0,1,0,0,0
106491001,PETALUMA VALLEY HOSPITAL,1,36.37,2,1,1,0,1,80,1,10,452,817,1.81,0,0,1,1,1,0,2,43,1353,406,1806,1,681,1,0,447,1,9,2,0
106491064,SANTA ROSA MEMORIAL HOSPITAL-MONTGOMERY,1,66.46,4,1,1,12,1,278,1,16,666,1496,2.25,0,0,1,1,1,1,0,110,4189,3577,7881,2,3592,1,1,759,1,65,6,0
106491076,SONOMA VALLEY HOSPITAL,1,58.99,3,1,1,0,1,83,1,7,168,311,1.85,0,1,1,1,1,0,3,74,149,584,810,1,393,1,1,168,1,10,0,0
106491338,PALM DRIVE HOSPITAL,0,70.57,4,1,1,0,1,37,1,0,0,0,0.00,0,0,1,1,1,1,0,1,9,114,124,1,111,1,1,0,1,0,0,0
106494019,KAISER FND HOSP - SANTA ROSA,1,26.30,2,1,1,11,1,173,1,17,1932,3422,1.77,0,1,1,1,1,1,28,288,2341,1887,4544,1,2190,1,1,2017,2,81,7,0
106494048,"AURORA BEHAVIORAL HEALTHCARE-SANTA ROSA, LLC",1,21.95,2,2,3,0,1,95,1,0,0,0,0.00,4,0,0,0,0,0,0,0,0,0,0,1,0,1,0,0,1,0,0,0
106494106,SUTTER SANTA ROSA REGIONAL HOSPITAL,1,116.60,6,1,1,12,1,84,1,20,299,549,1.84,0,1,1,1,1,1,1,7,90,439,537,1,255,1,1,330,1,14,2,0
106500852,DOCTORS MEDICAL CENTER,1,54.03,3,1,1,45,3,394,1,0,3437,7636,2.22,0,1,1,1,1,1,9,72,2530,11616,14239,3,6678,2,1,3779,2,223,87,1
106500867,EMANUEL MEDICAL CENTER,1,49.71,3,1,1,6,1,209,1,8,1119,2007,1.79,0,0,1,1,1,0,18,127,5415,1957,7529,2,2495,1,0,1328,1,50,2,0
106500939,MEMORIAL HOSPITAL MEDICAL CENTER - MODESTO,1,46.22,3,1,1,12,1,423,2,30,1820,3590,1.97,0,0,1,1,1,0,5,62,1194,10313,11574,3,4661,2,1,2029,2,83,12,0
106500954,CENTRAL VALLEY SPECIALTY HOSPITAL,1,70.57,4,1,1,0,1,100,1,0,0,0,0.00,0,0,0,0,1,0,0,0,0,0,0,1,0,1,0,0,1,0,0,0
106500967,OAK VALLEY DISTRICT HOSPITAL (2-RH),1,43.35,3,1,1,0,1,150,1,0,0,0,0.00,0,0,1,1,1,1,0,0,0,0,753,1,171,1,1,0,1,0,0,0
106501016,DOCTORS MEDICAL CENTER-BEHAVIORAL HEALTH DEPARTMENT,1,29.36,2,1,3,0,1,67,1,0,0,0,0.00,0,0,0,0,0,0,0,0,0,0,0,1,0,1,0,0,1,0,0,0
106504038,STANISLAUS SURGICAL HOSPITAL,1,16.48,1,1,1,0,1,23,1,0,0,0,0.00,0,0,0,0,0,0,0,0,0,0,0,1,555,1,1,0,1,0,0,0
106504042,KAISER FND HOSP-MODESTO,1,7.78,1,1,1,24,2,152,1,10,2497,4392,1.76,0,1,1,1,1,1,20,95,1218,2573,3913,1,3341,1,1,2644,2,146,16,0
106504081,TELECARE STANISLAUS COUNTY PHF,1,116.60,6,3,3,0,1,16,1,0,0,0,0.00,0,0,0,0,0,0,0,0,0,0,0,1,0,1,0,0,1,0,0,0
106510882,FREMONT MEDICAL CENTER,1,57.01,3,1,1,4,1,60,1,28,1826,3416,1.87,0,0,0,0,0,0,0,0,0,0,0,1,760,1,0,2010,2,83,19,0
106514001,SUTTER-YUBA PSYCHIATRIC HEALTH FACILITY,1,28.46,2,3,3,0,1,16,1,0,0,0,0.00,0,0,0,0,0,0,0,0,0,0,0,1,0,1,0,0,1,0,0,0
106514030,SUTTER SURGICAL HOSPITAL-NORTH VALLEY,1,7.21,1,1,1,0,1,14,1,0,0,0,0.00,0,0,0,0,0,0,0,0,0,0,0,1,514,1,1,0,1,0,0,0
106514033,NORTH VALLEY BEHAVIORAL HEALTH,1,10.74,1,3,3,0,1,16,1,0,0,0,0.00,0,0,0,0,1,1,0,0,0,0,0,1,0,1,0,0,1,0,0,0
106521041,ST. ELIZABETH COMMUNITY HOSPITAL,1,70.35,4,1,1,0,1,76,1,2,667,1187,1.78,0,0,1,1,1,0,0,37,343,1402,1782,1,837,1,1,663,1,18,0,0
106531059,TRINITY HOSPITAL,1,63.07,4,1,1,0,1,51,1,0,0,0,0.00,0,0,1,1,1,1,0,0,143,226,369,1,20,1,1,3,1,1,1,0
106540734,KAWEAH DELTA MEDICAL CENTER,1,47.08,3,1,1,15,1,581,2,32,4028,6208,1.54,0,0,1,1,1,1,155,7038,7684,924,15803,3,3626,1,0,4336,3,242,29,1
106540798,SIERRA VIEW MEDICAL CENTER,1,58.45,3,1,1,4,1,167,1,0,1480,2477,1.67,0,0,1,1,1,1,1,20,67,3910,3998,1,1978,1,1,1571,1,60,11,0
106540816,TULARE REGIONAL MEDICAL CENTER,1,65.31,4,1,1,4,1,112,1,12,1100,1631,1.48,0,0,1,1,1,1,0,46,1198,883,2135,1,1104,1,1,1104,1,69,7,0
106541123,PORTERVILLE DEVELOPMENTAL CENTER,1,63.14,4,1,7,0,1,1306,3,0,0,0,0.00,0,0,0,0,0,0,0,0,0,0,0,1,0,1,0,0,1,0,0,0
106544009,KAWEAH DELTA  MENTAL HEALTH HOSPITAL D/P APH,1,25.65,2,1,3,0,1,63,1,0,0,0,0.00,0,0,0,0,0,0,0,0,0,0,0,1,0,1,0,0,1,0,0,0
106552209,SONORA REGIONAL MEDICAL CENTER - FAIRVIEW,1,57.68,3,1,1,0,1,12,1,0,0,0,0.00,0,0,0,0,0,0,0,0,0,0,0,1,0,1,0,0,1,0,0,0
106554011,SONORA REGIONAL MEDICAL CENTER - GREENLEY,1,12.49,1,1,1,0,1,140,1,12,533,1177,2.21,0,0,1,1,1,0,0,0,0,0,3606,1,1426,1,1,533,1,16,1,1
106560203,AURORA VISTA DEL MAR HOSPITAL,1,31.38,2,2,3,0,1,87,1,0,0,0,0.00,14,0,0,0,1,0,0,0,0,0,0,1,0,1,0,0,1,0,0,0
106560473,COMMUNITY MEMORIAL HOSPITAL-SAN BUENAVENTURA,1,70.57,4,1,1,16,1,242,1,20,2965,5594,1.89,0,1,1,1,1,1,6,53,968,4992,6019,2,3242,1,1,2965,2,180,38,0
106560481,VENTURA COUNTY MEDICAL CENTER,1,63.07,4,1,1,30,2,223,1,40,1291,2850,2.21,0,1,1,1,1,0,0,0,0,0,4078,1,2510,1,1,1519,1,86,20,0
106560492,LOS ROBLES HOSPITAL AND MEDICAL CENTER,1,47.70,3,1,1,12,1,321,1,22,1850,4638,2.51,0,1,1,1,1,1,2366,12886,15207,3454,35199,3,4594,2,1,1994,1,129,19,0
106560501,OJAI VALLEY COMMUNITY HOSPITAL,1,56.22,3,1,1,0,1,91,1,0,0,0,0.00,0,0,1,1,1,1,11,51,204,401,669,1,155,1,1,0,1,0,0,0
106560508,ST. JOHNS PLEASANT VALLEY HOSPITAL,1,41.98,3,1,1,0,1,180,1,0,0,0,0.00,0,0,1,1,1,1,0,0,0,0,2186,1,584,1,0,0,1,0,0,0
106560521,VENTURA COUNTY MEDICAL CENTER - SANTA PAULA  HOSPITAL,1,54.75,3,1,1,0,1,49,1,12,336,702,2.09,0,0,1,1,1,0,0,0,0,0,927,1,478,1,1,331,1,6,0,0
106560525,SIMI VALLEY HOSPITAL AND HEALTH CARE SVCS-SYCAMORE,1,50.98,3,1,1,8,1,144,1,18,648,1182,1.82,0,0,1,1,1,1,4,43,918,3829,4795,1,1291,1,1,646,1,3,2,0
106560529,ST. JOHNS REGIONAL MEDICAL CENTER,1,63.56,4,1,1,16,1,265,1,5,2120,7699,3.63,0,0,1,1,1,1,0,0,0,0,5232,2,1891,1,0,2120,2,45,1,0
106560838,PACIFIC SHORES HOSPITAL,1,52.01,3,2,3,0,1,30,1,0,0,0,0.00,0,0,0,0,0,0,0,0,0,0,0,1,0,1,0,0,1,0,0,0
106564018,LOS ROBLES HOSPITAL AND MEDICAL CENTER - EAST CAMPUS,1,26.32,2,1,8,0,1,62,1,0,0,0,0.00,0,0,0,0,0,0,0,0,0,0,0,1,0,1,0,0,1,0,0,0
106564121,"THOUSAND OAKS SURGICAL HOSPITAL, a campus of Los Robles Hosp AND Med Ctr",1,11.46,1,1,1,0,1,21,1,0,0,0,0.00,0,0,0,0,0,0,0,0,0,0,0,1,1096,1,0,0,1,0,0,0
106571086,WOODLAND MEMORIAL HOSPITAL,1,49.32,3,1,1,4,1,108,1,7,696,1138,1.64,0,1,1,1,1,1,0,8,240,1764,2012,1,1341,1,1,693,1,30,15,0
106574010,SUTTER DAVIS HOSPITAL,1,21.81,2,1,1,0,1,48,1,14,1529,3313,2.17,0,1,1,1,1,1,0,0,0,0,1737,1,788,1,1,1521,1,45,0,0
106580996,RIDEOUT MEMORIAL HOSPITAL,1,70.14,4,1,1,0,1,173,1,0,0,0,0.00,0,0,1,1,1,0,3,21,37,9594,9655,2,1520,1,1,0,1,0,0,0
206100718,COMMUNITY SUBACUTE AND TRANSITIONAL CARE CENTER,1,53.12,3,1,2,0,1,106,1,0,0,0,0.00,0,0,0,0,0,0,0,0,0,0,0,1,0,1,0,0,1,0,0,0
206351814,HAZEL HAWKINS MEMORIAL HOSPITAL D/P SNF,1,47.17,3,1,2,0,1,62,1,0,0,0,0.00,0,1,0,0,0,0,0,0,0,0,0,1,0,1,0,0,1,0,0,0
,n = 513,,,,,,,,,,,,,,,,,,,,,,,,,,,,,,,,,